key,en,es-ES,es-LA,ca,zh-CN,zh-TW,ja,it,de,fr,pt-PT,ru,pt-BR,pl,tr,eu,oc,th,ko,cs
loadImage,Import Image [I],Importar imagen [I],Importar imagen [I],Importar Imatge [I],导入图像 [I],導入圖像 [I],画像をインポート [I],Importa immagine [I],Bild importieren [I],Importer une image [I],Importar Imagem [I],Импорт Изображения [I],Importar Imagem [I],Importuj Obraz [I],Resim İçe Aktar [I],Irudia Inportatu [I],Importar Imatge [I],นำเข้ารูป [I],MT: Import Image [I],1
paletteViewer,Palette Viewer,Visor de paleta,Visor de paleta,Visor de Paleta,调色板查看器,調色板檢視器,パレットビューア,Visualizzatore di palette,Paletten‑Ansicht,Visualiseur de palette,Visualizador de Paleta,Просмотр Палитры,Visualizador de Paleta,Podgląd Palety,Palet Görüntüleyici,Paleta Ikustailea,Visualizador de Paleta,ดูจานสี,MT: Palette Viewer,1
changeResolution,Change Resolution [R],Cambiar resolución [R],Cambiar resolución [R],Canviar Resolució [R],更改分辨率 [R],更改解析度 [R],解像度を変更 [R],Cambia risoluzione [R],Auflösung ändern [R],Changer la résolution [R],Alterar Resolução [R],Изменить Разрешение [R],Alterar Resolução [R],Zmień Rozdzielczość [R],Çözünürlüğü Değiştir [R],Bereizmena Aldatu [R],Cambiar Resolucion [R],เปลี่ยนความละเอียด [R],MT: Change Resolution [R],1
changeGrids,Change Grids [G],Cambiar rejillas [G],Cambiar rejillas [G],Canviar Quadrícules [G],更改网格 [G],更改網格 [G],グリッドを変更 [G],Cambia griglie [G],Raster ändern [G],Changer les grilles [G],Alterar Grelhas [G],Изменить Сетки [G],Alterar Grades [G],Zmień Siatki [G],Izgara Değiştir [G],Saretiak Aldatu [G],Cambiar Grilhas [G],เปลี่ยนเส้นตาราง [G],MT: Change Grids [G],1
settings,Settings,Ajustes,Ajustes,Configuració,设置,設定,設定,Impostazioni,Einstellungen,Paramètres,Definições,Настройки,Configurações,Ustawienia,Ayarlar,Ezarpenak,Configuracion,การตั้งค่า,MT: Settings,1
exportImage,Export Image [E],Exportar imagen [E],Exportar imagen [E],Exportar Imatge [E],导出图像 [E],匯出圖像 [E],画像をエクスポート [E],Esporta immagine [E],Bild exportieren [E],Exporter l’image [E],Exportar Imagem [E],Экспорт Изображения [E],Exportar Imagem [E],Eksportuj Obraz [E],Resim Dışa Aktar [E],Irudia Esportatu [E],Exportar Imatge [E],ส่งออกรูป [E],MT: Export Image [E],1
preview,Preview,Vista previa,Vista previa,Vista Prèvia,预览,預覽,プレビュー,Anteprima,Vorschau,Aperçu,Pré-visualização,Предпросмотр,Visualização,Podgląd,Önizleme,Aurrebista,Vista Prèvia,ดูตัวอย่าง,MT: Preview,1
appTitle,Deliaxe Paint,Deliaxe Paint,Deliaxe Paint,Deliaxe Paint,Deliaxe Paint,Deliaxe Paint,Deliaxe Paint,Deliaxe Paint,Deliaxe Paint,Deliaxe Paint,Deliaxe Paint,Deliaxe Paint,Deliaxe Paint,Deliaxe Paint,Deliaxe Paint,Deliaxe Paint,Deliaxe Paint,Deliaxe Paint,Deliaxe Paint,1
appSubtitle,Retro pixel art support suite,Herramientas retro para pixel art,Herramientas retro para pixel art,Eines retro per a pixel art,复古像素艺术支持工具,復古像素藝術工具套件,レトロなピクセルアート支援ツール,Suite di strumenti retro per pixel art,Retro-Pixelart-Werkzeug-Suite,Suite d'outils rétro pour pixel art,Retro pixel art support suite,Retro pixel art support suite,Retro pixel art support suite,Retro pixel art support suite,Retro pixel art support suite,Retro pixel art support suite,Eines retro per a pixel art,ชุดเครื่องมือสำหรับงานพิกเซลอาร์ตสไตล์เรโทร,레트로 픽셀 아트 지원 도구 모음,1
copyright,© 2025,© 2025,© 2025,© 2025,© 2025,© 2025,© 2025,© 2025,© 2025,© 2025,© 2025,© 2025,© 2025,© 2025,© 2025,© 2025,© 2025,© 2025,© 2025,1
company,Anarkade,Anarkade,Anarkade,Anarkade,Anarkade,Anarkade,Anarkade,Anarkade,Anarkade,Anarkade,Anarkade,Anarkade,Anarkade,Anarkade,Anarkade,Anarkade,Anarkade,Anarkade,Anarkade,1
uploadImage,Upload Image,Subir imagen,Subir imagen,Pujar imatge,上传图片,上傳圖片,画像をアップロード,Carica immagine,Bild hochladen,Téléverser une image,Upload Image,Загрузить Изображение,Upload Image,Prześlij Obraz,Yükle Görüntü,Igo Irudia,Pujar imatge,อัปโหลดรูป,이미지 업로드,1
dragDropText,"Load, drag and drop or paste an image","Cargar, arrastrar y soltar o pegar una imagen","Carrega, arrossega i deixa anar o enganxa una imatge",加载、拖放或粘贴一张图片,載入、拖放或貼上圖片,画像を読み込む、ドラッグ＆ドロップ、または貼り付け,"Carica, trascina e rilascia o incolla un’immagine","Bild laden, per Drag-and-drop ablegen oder einfügen","Charger, glisser‑déposer ou coller une image","Carregar, arrastar e largar ou colar uma imagem","Загрузите, перетащите или вставьте изображение","Carregar, arrastar e soltar ou colar uma imagem","Wczytaj, przeciągnij i upuść lub wklej obraz","Bir görsel yükleyin, sürükleyip bırakın veya yapıştırın","Kargatu, arrastatu eta jaregin edo itsatsi irudia","Cargar, lisar‑depausar o pegar una imatge",โหลด ลากแล้ววาง หรือวางภาพจากคลิปบอร์ด,โหลด รูปโดยลากและวาง หรือวางจากคลิปบอร์ด,이미지 불러오기 — 드래그 앤 드롭하거나 붙여넣기,1
orText,or,o,o,o,或,或,または,o,oder,ou,or,or,or,or,or,or,o,หรือ,또는,1
loadFromUrl,Load from URL,Cargar desde URL,Cargar desde URL,Carregar des de URL,从 URL 加载,從 URL 載入,URLから読み込む,Carica da URL,Von URL laden,Charger depuis une URL,Load from URL,Load from URL,Load from URL,Load from URL,Load from URL,Load from URL,Carregar des de URL,โหลดจาก URL,URL에서 불러오기,1
loadFromCamera,Load from Camera,Cargar desde cámara,Cargar desde cámara,Carregar des de la càmera,从相机加载,從相機載入,カメラから読み込む,Carica dalla fotocamera,Von Kamera laden,Charger depuis la caméra,Load from Camera,Load from Camera,Load from Camera,Load from Camera,Load from Camera,Load from Camera,Carregar des de la càmera,โหลดจากกล้อง,카메라에서 불러오기,1
enterImageUrl,Enter image URL...,Introduce la URL de la imagen...,Introduce la URL de la imagen...,Introdueix la URL de la imatge...,输入图片 URL...,輸入圖片 URL...,画像のURLを入力...,Inserisci l'URL dell'immagine...,Bild-URL eingeben...,Entrez l'URL de l'image...,Enter image URL...,Enter image URL...,Enter image URL...,Enter image URL...,Enter image URL...,Enter image URL...,Introdueix la URL de la imatge...,ป้อน URL ของรูป...,이미지 URL 입력...,1
loadUrl,Load URL,Cargar URL,Cargar URL,Carregar URL,加载 URL,載入 URL,URLを読み込む,Carica URL,URL laden,Charger URL,Load URL,Load URL,Load URL,Load URL,Load URL,Load URL,Carregar URL,โหลด URL,URL 불러오기,1
uploadFile,Upload File,Subir archivo,Subir archivo,Pujar fitxer,上传文件,上傳檔案,ファイルをアップロード,Carica file,Datei hochladen,Téléverser un fichier,Upload File,Загрузить File,Upload File,Prześlij File,Yükle File,Igo File,Pujar fitxer,อัปโหลดไฟล์,파일 업로드,1
fromUrl,From URL,Desde URL,Desde URL,Des de URL,来自 URL,來自 URL,URLから,Da URL,Von URL,Depuis URL,From URL,From URL,From URL,From URL,From URL,From URL,Des de URL,จาก URL,URL에서,1
camera,Camera,Cámara,Cámara,Càmera,相机,相機,カメラ,Fotocamera,Kamera,Caméra,Camera,Camera,Camera,Camera,Camera,Camera,Càmera,กล้อง,카메라,1
capture,Capture,Capturar,Capturar,Capturar,拍摄,擷取,キャプチャ,Cattura,Aufnehmen,Capturer,Capture,Capture,Capture,Capture,Capture,Capture,Capturar,จับภาพ,캡처,1
switchCamera,Switch Camera,Cambiar cámara,Cambiar cámara,Canviar càmera,切换相机,切換相機,カメラを切替,Cambia fotocamera,Kamera wechseln,Changer la caméra,Switch Camera,Switch Camera,Switch Camera,Switch Camera,Switch Camera,Switch Camera,Canviar càmera,สลับกล้อง,카메라 전환,1
close,Close,Cerrar,Cerrar,Tancar,关闭,關閉,閉じる,Chiudi,Schließen,Fermer,Close,Close,Close,Close,Close,Close,Tancar,ปิด,닫기,1
selectPalette,Change Palette [P],Cambiar paleta [P],Cambiar paleta [P],Canviar paleta [P],更换调色板 [P],更換調色盤 [P],パレットを変更 [P],Cambia palette [P],Palette wechseln [P],Changer la palette [P],Change Palette [P],Change палитра [P],Change Palette [P],Change Paleta [P],Change Palet [P],Change Paleta [P],Canviar paleta [P],เปลี่ยนพาเลท [P],팔레트 변경 [P],1
originalPalette,Original,Original,Original,Original,原始,原始,オリジナル,Originale,Original,Original,Original,Original,Original,Original,Original,Original,Original,ต้นฉบับ,원본,1
gameBoy,Game Boy (GB Studio sprites),Game Boy (sprites GB Studio),Game Boy (sprites GB Studio),Game Boy (sprites GB Studio),Game Boy（GB Studio 精灵）,Game Boy（GB Studio 精靈）,ゲームボーイ（GB Studio スプライト）,Game Boy (sprite GB Studio),Game Boy (GB Studio Sprites),Game Boy (sprites GB Studio),Game Boy (GB Studio sprites),Game Boy (GB Studio sprites),Game Boy (GB Studio sprites),Game Boy (GB Studio sprites),Game Boy (GB Studio sprites),Game Boy (GB Studio sprites),Game Boy (sprites GB Studio),Game Boy (สไปรท์ GB Studio),Game Boy (GB Studio 스프라이트),1
gameBoyBg,Game Boy (GB Studio backgrounds),Game Boy (fondos GB Studio),Game Boy (fondos GB Studio),Game Boy (fons GB Studio),Game Boy（GB Studio 背景）,Game Boy（GB Studio 背景）,ゲームボーイ（GB Studio 背景）,Game Boy (sfondi GB Studio),Game Boy (GB Studio Hintergründe),Game Boy (fonds GB Studio),Game Boy (GB Studio backgrounds),Game Boy (GB Studio backgrounds),Game Boy (GB Studio backgrounds),Game Boy (GB Studio backgrounds),Game Boy (GB Studio backgrounds),Game Boy (GB Studio backgrounds),Game Boy (fons GB Studio),Game Boy (พื้นหลัง GB Studio),Game Boy (GB Studio 배경),1
megaDriveSingle,Mega Drive Single (16 colors),Mega Drive — única (16 colores),Mega Drive — única (16 colores),Mega Drive — única (16 colors),Mega Drive — 单色（16 色）,Mega Drive — 單一（16 色）,メガドライブ — シングル（16色）,Mega Drive — singola (16 colori),Mega Drive — Einzel (16 Farben),Mega Drive — simple (16 couleurs),Mega Drive Single (16 colors),Mega Drive Single (16 цвета),Mega Drive Single (16 colors),Mega Drive Single (16 kolory),Mega Drive Single (16 renkler),Mega Drive Single (16 koloreak),Mega Drive — única (16 colors),Mega Drive แบบเดียว (16 สี),Mega Drive 단색 (16색),1
megaDriveMulti,Mega Drive Multi (64 colors),Mega Drive — múltiple (64 colores),Mega Drive — múltiple (64 colores),Mega Drive — múltiple (64 colors),Mega Drive — 多色（64 色）,Mega Drive — 多色（64 色）,メガドライブ — マルチ（64色）,Mega Drive — multipla (64 colori),Mega Drive — Mehrfach (64 Farben),Mega Drive — multiple (64 couleurs),Mega Drive Multi (64 colors),Mega Drive Multi (64 цвета),Mega Drive Multi (64 colors),Mega Drive Multi (64 kolory),Mega Drive Multi (64 renkler),Mega Drive Multi (64 koloreak),Mega Drive — múltiple (64 colors),Mega Drive หลายสี (64 สี),Mega Drive 다색 (64색),1
neoGeoSingle,Neo Geo Single (16 colors),Neo Geo — única (16 colores),Neo Geo — única (16 colores),Neo Geo — única (16 colors),Neo Geo — 单色（16 色）,Neo Geo — 單一（16 色）,ネオジオ — シングル（16色）,Neo Geo — singola (16 colori),Neo Geo — Einzel (16 Farben),Neo Geo — simple (16 couleurs),Neo Geo Single (16 colors),Neo Geo Single (16 цвета),Neo Geo Single (16 colors),Neo Geo Single (16 kolory),Neo Geo Single (16 renkler),Neo Geo Single (16 koloreak),Neo Geo — única (16 colors),Neo Geo แบบเดียว (16 สี),Neo Geo 단색 (16색),1
neoGeoMulti,Neo Geo Multi (256 colors),Neo Geo — múltiple (256 colores),Neo Geo — múltiple (256 colores),Neo Geo — múltiple (256 colors),Neo Geo — 多色（256 色）,Neo Geo — 多色（256 色）,ネオジオ — マルチ（256色）,Neo Geo — multipla (256 colori),Neo Geo — Mehrfach (256 Farben),Neo Geo — multiple (256 couleurs),Neo Geo Multi (256 colors),Neo Geo Multi (256 цвета),Neo Geo Multi (256 colors),Neo Geo Multi (256 kolory),Neo Geo Multi (256 renkler),Neo Geo Multi (256 koloreak),Neo Geo — múltiple (256 colors),Neo Geo หลายสี (256 สี),Neo Geo 다색 (256색),1
zxSpectrum,ZX Spectrum (16 colors),ZX Spectrum (16 colores),ZX Spectrum (16 colores),ZX Spectrum (16 colors),ZX Spectrum（16 色）,ZX Spectrum（16 色）,ZX Spectrum（16色）,ZX Spectrum (16 colori),ZX Spectrum (16 Farben),ZX Spectrum (16 couleurs),ZX Spectrum (16 colors),ZX Spectrum (16 цвета),ZX Spectrum (16 colors),ZX Spectrum (16 kolory),ZX Spectrum (16 renkler),ZX Spectrum (16 koloreak),ZX Spectrum (16 colors),ZX Spectrum (16 สี),ZX Spectrum (16색),1
undo,Undo,Deshacer,Deshacer,Desfer,撤销,復原,元に戻す,Annulla,Rückgängig,Annuler,Undo,Undo,Undo,Undo,Undo,Undo,Desfer,เลิกทำ,실행 취소,1
redo,Redo,Rehacer,Rehacer,Refaire,重做,重做,やり直す,Ripristina,Wiederholen,Rétablir,Redo,Redo,Redo,Redo,Redo,Redo,Refaire,ทำซ้ำ,다시 실행,1
consolePlatform,Console/Platform,Consola/Plataforma,Consola/Plataforma,Consola/Plataforma,主机/平台,主機/平台,コンソール/プラットフォーム,Console/Piattaforma,Konsole/Plattform,Console/Plateforme,Console/Platform,Console/Platform,Console/Platform,Console/Platform,Console/Platform,Console/Platform,Consola/Plataforma,คอนโซล/แพลตฟอร์ม,콘솔/플랫폼,1
paletteColors,Palette Colors,Colores de la paleta,Colores de la paleta,Colors de la paleta,调色板颜色,調色盤顏色,パレットの色数,Colori della palette,Palettenfarben,Couleurs de la palette,Palette Colors,палитра Colors,Palette Colors,Paleta Colors,Palet Colors,Paleta Colors,Colors de la paleta,สีพาเลท,팔레트 색상,1
colorPalette,Color palette,Paleta de colores,Paleta de colores,Paleta de colors,配色,配色,カラーパレット,Palette colori,Farbpalette,Palette de couleurs,Color palette,Color palette,Color palette,Color palette,Color palette,Color palette,Paleta de colors,พาเลทสี,색상 팔레트,1
extractColors,Extract Colors,Extraer colores,Extraer colores,Extreure colors,提取颜色,提取顏色,色を抽出,Estrai colori,Farben extrahieren,Extraire les couleurs,Extract Colors,Extract Colors,Extract Colors,Extract Colors,Extract Colors,Extract Colors,Extreure colors,ดึงสี,색상 추출,1
dragToReorder,Drag to reorder,Arrastra para reordenar,Arrastra para reordenar,Arrossegar per reordenar,拖动以重排,拖曳以重新排序,ドラッグして並び替え,Trascina per riordinare,Zum Neuordnen ziehen,Glisser pour réordonner,Drag to reorder,Drag to reorder,Drag to reorder,Drag to reorder,Drag to reorder,Drag to reorder,Arrossegar per reordenar,ลากเพื่อจัดลำดับ,드래그하여 순서 변경,1
clickToChange,Click colors to change them,Haz clic en un color para cambiarlo,Toca un color para cambiarlo,Fes clic a un color per canviar-lo,点击颜色以修改,點選顏色以修改,色をクリックして変更,Clicca un colore per cambiarlo,"Klicke Farben, um sie zu ändern",Cliquez sur une couleur pour la changer,Click colors to change them,Click цвета to change them,Click colors to change them,Click kolory to change them,Click renkler to change them,Click koloreak to change them,Fes clic a un color per canviar-lo,คลิกสีเพื่อเปลี่ยน,색상을 클릭하여 변경,1
paletteInstructions,Click a color to modify it or drag it to change its palette position,Haz clic en un color para modificarlo o arrástralo para cambiar su posición en la paleta,Toca un color para modificarlo o arrástralo para cambiar su posición en la paleta,Fes clic a un color per modificar-lo o arrossega'l per canviar la seva posició a la paleta,点击颜色进行修改，或拖动改变其在调色板中的位置,點選顏色來修改，或拖曳改變它在調色盤中的位置,色をクリックして編集、またはドラッグでパレット内の位置を変更できます,Clicca un colore per modificarlo o trascinalo per cambiare la sua posizione nella palette,"Klicke eine Farbe, um sie zu ändern, oder ziehe sie, um ihre Position in der Palette zu ändern",Cliquez sur une couleur pour la modifier ou glissez-la pour changer sa position dans la palette,Click a color to modify it or drag it to change its palette position,Click a цвет to modify it or drag it to change its palette position,Click a color to modify it or drag it to change its palette position,Click a kolor to modify it or drag it to change its palette position,Click a renk to modify it or drag it to change its palette position,Click a kolore to modify it or drag it to change its palette position,Fes clic a un color per modificar-lo o arrossega'l per canviar la seva posició a la paleta,คลิกสีเพื่อแก้ไข หรือลากเพื่อเปลี่ยนตำแหน่งในพาเลท,색상을 클릭하여 수정하거나 드래그하여 팔레트 내 위치를 변경하세요,1
loadImageDesc,"Load, drag and drop or paste an image","Cargar, arrastrar y soltar o pegar una imagen","Carrega, arrossega i deixa anar o enganxa una imatge",加载、拖放或粘贴一张图片,載入、拖放或貼上圖片,画像を読み込む、ドラッグ＆ドロップ、または貼り付け,"Carica, trascina e rilascia o incolla un’immagine","Bild laden, per Drag-and-drop ablegen oder einfügen","Charger, glisser‑déposer ou coller une image","Carregar, arrastar e largar ou colar uma imagem","Загрузите, перетащите или вставьте изображение","Carregar, arrastar e soltar ou colar uma imagem","Wczytaj, przeciągnij i upuść lub wklej obraz","Bir görsel yükleyin, sürükleyip bırakın veya yapıştırın","Kargatu, arrastatu eta jaregin edo itsatsi irudia","Cargar, lisar‑depausar o pegar una imatge",โหลด ลากแล้ววาง หรือวางภาพจากคลิปบอร์ด,โหลด รูปโดยลากและวาง หรือวางจากคลิปบอร์ด,"MT: Load, drag and drop or paste an image",1
changePaletteDesc,Select a retro platform color palette to apply,Selecciona una paleta de colores retro para aplicar,Selecciona una paleta de colors de plataforma retro per aplicar,选择要应用的复古平台调色板,選擇要套用的復古平台調色盤,適用するレトロ機種のカラーパレットを選択,Seleziona una tavolozza di colori di piattaforme retrò da applicare,Eine Retro‑Plattform‑Farbpalette zum Anwenden auswählen,Sélectionner une palette de couleurs de plateforme rétro à appliquer,Selecionar uma paleta de cores de plataforma retro para aplicar,Выберите палитру цветов ретро‑платформы для применения,Selecionar uma paleta de cores de plataforma retrô para aplicar,Wybierz paletę kolorów retro‑platformy do zastosowania,Uygulamak için retro platform renk paletini seçin,Aplikatzeko plataforma retroetako kolore‑paleta bat aukeratu,Seleccionar una paleta de colors de plataforma retro d’aplicar,เลือกจานสีของแพลตฟอร์มยุคเก่าเพื่อใช้งาน,เลือกพาเลทสีของคอนโซลเรโทรเพื่อนำไปใช้,MT: Select a retro platform color palette to apply,1
changeResolutionDesc,Choose target resolution and scaling mode,Elige la resolución objetivo y el modo de escalado,Tria la resolució objectiu i el mode d’escalat,选择目标分辨率和缩放模式,選擇目標解析度與縮放模式,目標解像度とスケーリング方式を選択,Scegli la risoluzione di destinazione e la modalità di scalatura,Zielauflösung und Skalierungsmodus wählen,Choisir la résolution cible et le mode d’échelle,Escolher a resolução‑alvo e o modo de escala,Выберите целевое разрешение и режим масштабирования,Escolher a resolução alvo e o modo de escala,Wybierz docelową rozdzielczość i tryb skalowania,Hedef çözünürlüğü ve ölçekleme modunu seçin,Hautatu helburuko bereizmena eta eskalatze modua,Causir la resolucion cibla e lo mòde d’escala,เลือกความละเอียดเป้าหมายและโหมดการปรับสเกล,เลือกความละเอียดเป้าหมายและโหมดสเกล,MT: Choose target resolution and scaling mode,1
changeGridsDesc,Configure tile and frame grid overlays,Configura las rejillas de tiles y frames,Configura les quadrícules de tiles i de fotogrames,配置方块和帧网格叠加,設定方塊格線與影格格線疊加,タイルグリッドとフレームグリッドのオーバーレイを設定,Configura le griglie di tile e di frame,Kachel‑ und Frame‑Raster‑Overlays konfigurieren,Configurer les grilles de tuiles et de cadres,Configurar as grelhas de tiles e de frames,Настройте оверлеи сеток тайлов и кадров,Configurar as grades de tiles e de quadros,Skonfiguruj nakładki siatek kafelków i klatek,Döşeme ve kare ızgara kaplamalarını yapılandırın,Konfiguratu tile eta frame sareta gainjarriak,Configurar las grasilhas de tiles e de quadres,ตั้งค่าโอเวอร์เลย์เส้นตารางไทล์และเฟรม,กำหนดการซ้อนทับกริดของไทล์และเฟรม,MT: Configure tile and frame grid overlays,1
exportImageDesc,Download or share your processed image,Descarga o comparte tu imagen procesada,Descarrega o comparteix la teva imatge processada,下载或分享您处理过的图像,下載或分享處理後的圖片,処理した画像をダウンロードまたは共有,Scarica o condividi l’immagine elaborata,Verarbeitetes Bild herunterladen oder teilen,Télécharger ou partager votre image traitée,Transferir ou partilhar a imagem processada,Скачайте или поделитесь обработанным изображением,Baixar ou compartilhar a imagem processada,Pobierz lub udostępnij przetworzony obraz,İşlenmiş görseli indirin veya paylaşın,Deskargatu edo partekatu prozesatutako irudia,Telecargar o partejar vòstra imatge tractada,ดาวน์โหลดหรือแชร์รูปภาพที่ประมวลผลแล้ว,ดาวน์โหลดหรือแชร์รูปที่ประมวลผลแล้ว,MT: Download or share your processed image,1
colorsPalette,colors palette,paleta de colores,paleta de colors,颜色调色板,顏色調色板,カラーパレット,tavolozza di colori,Farbpalette,palette de couleurs,paleta de cores,цветовая палитра,paleta de cores,paleta kolorów,renk paleti,kolore paleta,paleta de colors,พาเลทสี,พาเลทสี,MT: colors palette,1
paletteWithCount,{count} colors palette,paleta de {count} colores,paleta de {count} colors,{count}色调色板,{count}色調色板,{count}色パレット,tavolozza di {count} colori,{count} Farben Palette,palette de {count} couleurs,paleta de {count} cores,палитра из {count} цветов,{count} цвета palette,MT: {count} colors palette,{count} kolory palette,{count} renkler palette,{count} koloreak palette,{count}色调色板,พาเลท {count} สี,{count} 색 팔레트,{count} barev paleta
processImageFirst,Process an image first to enable export options,Procesa una imagen primero para habilitar las opciones de exportación,Procesa una imagen primero para activar las opciones de exportación,Processa una imatge primer per habilitar les opcions d'exportació,请先处理图片以启用导出选项,請先處理圖片以啟用匯出選項,エクスポートオプションを有効にするには、まず画像を処理してください,Elabora prima un'immagine per abilitare le opzioni di esportazione,"Verarbeite zuerst ein Bild, um Exportoptionen zu aktivieren",Traitez d'abord une image pour activer les options d'export,Process an image first to enable export options,Process an image first to enable export options,Process an image first to enable export options,Process an image first to enable eksport options,Process an image first to enable export options,Process an image first to enable export options,Processa una imatge primer per habilitar les opcions d'exportació,ประมวลผลรูปก่อนเพื่อเปิดใช้งานตัวเลือกการส่งออก,내보내기 옵션을 사용하려면 먼저 이미지를 처리하세요,1
scalingMode,Scaling Mode,Modo de escalado,Mode d\'escalat,MT: Scaling Mode,MT: Scaling Mode,スケーリングモード,MT: Scaling Mode,Skalierungsmodus,Mode de mise à l\'échelle,MT: Scaling Mode,Scaling Mode,Scaling Mode,Scaling Mode,Scaling Mode,Scaling Mode,Scaling Mode,Scaling Mode,โหมดสเกล,스케일 모드,1
stretch,Stretch,Estirar,Estirar,MT: Stretch,MT: Stretch,伸縮,MT: Stretch,Strecken,Étirer,MT: Stretch,Stretch,Stretch,Stretch,Stretch,Stretch,Stretch,Stretch,ยืด,늘리기,1
center,Center,Centrar,Centrar,Centrar,居中,置中,中央,Centra,Zentrieren,Centrer,Center,Center,Center,Center,Center,Center,Centrar,กึ่งกลาง,가운데,1
fit,Fit,Ajustar,Ajustar,MT: Fit,MT: Fit,フィット,MT: Fit,Anpassen,Ajuster,MT: Fit,Fit,Fit,Fit,Fit,Fit,Fit,Fit,ปรับให้พอดี,맞춤,1
dontScale,Don't scale,No escalar,No escalar,MT: Don't scale,MT: Don't scale,スケールしない,MT: Don't scale,Nicht skalieren,Ne pas mettre à l\'échelle,MT: Don't scale,Don't scale,Don't scale,Don't scale,Don't scale,Don't scale,Don't scale,"""",ไม่ย่อ/ขยาย,스케일하지 않음,1
downloadPng,Download PNG,Descargar PNG,Descargar PNG,Descarregar PNG,MT: Download PNG,MT: Download PNG,PNG ダウンロード,MT: Download PNG,PNG herunterladen,Télécharger PNG,Download PNG,Download PNG,Download PNG,Download PNG,Download PNG,Download PNG,Descarregar PNG,ดาวน์โหลด PNG,PNG 다운로드,1
copyToClipboard,Copy to clipboard,Copiar al portapapeles,Copiar al portapapeles,Copiar al porta-retalls,MT: Copy to clipboard,MT: Copy to clipboard,クリップボードにコピー,MT: Copy to clipboard,In Zwischenablage kopieren,Copier dans le presse-papiers,Copy to clipboard,Copy to clipboard,Copy to clipboard,Copy to clipboard,Copy to clipboard,Copy to clipboard,Copiar al porta-retalls,คัดลอกไปยังคลิปบอร์ด,클립보드에 복사,1
imageCopiedToClipboard,Image copied to clipboard!,¡Imagen copiada al portapapeles!,¡Imagen copiada al portapapeles!,Imatge copiada al porta-retalls!,图片已复制到剪贴板！,圖片已複製到剪貼簿！,画像をクリップボードにコピーしました！,Immagine copiata negli appunti!,Bild in die Zwischenablage kopiert!,Image copiée dans le presse-papiers !,Image copied to clipboard!,Изображение copied to clipboard!,Image copied to clipboard!,Obraz copied to clipboard!,Görüntü copied to clipboard!,Irudia copied to clipboard!,Imatge copiada al porta-retalls!,คัดลอกรูปไปยังคลิปบอร์ดแล้ว!,이미지가 클립보드에 복사되었습니다!,1
shareOnTwitter,Share on Twitter,Compartir en Twitter,Compartir en Twitter,Compartir a Twitter,分享到 Twitter,分享到 Twitter,Twitterで共有,Condividi su Twitter,Bei Twitter teilen,Partager sur Twitter,Share on Twitter,Share on Twitter,Share on Twitter,Share on Twitter,Share on Twitter,Share on Twitter,Compartir a Twitter,แชร์บน Twitter,Twitter에 공유,1
language,Language,Idioma,Idioma,Idioma,语言,語言,言語,Lingua,Sprache,Langue,Language,Language,Language,Language,Language,Language,Idioma,ภาษา,언어,1
changeLanguage,Change Language [L],Cambiar idioma [L],Cambiar idioma [L],Canviar Idioma [L],更改语言 [L],更改語言 [L],言語を変更 [L],Cambia Lingua [L],Sprache Ändern [L],Changer Langue [L],Alterar Idioma [L],Изменить Язык [L],Alterar Idioma [L],Zmień Język [L],Dili Değiştir [L],Hizkuntza Aldatu [L],Cambiar Lenga [L],เปลี่ยนภาษา [L],MT: Change Language [L],1
original,Original,Original,Original,Original,原始,原始,オリジナル,Originale,Original,Original,Original,Original,Original,Original,Original,Original,Original,ต้นฉบับ,원본,1
processed,Processed,Procesada,Procesada,Processada,已处理,已處理,処理済み,Elaborata,Verarbeitet,Traitée,Processed,Processed,Processed,Processed,Processed,Processed,Processada,ประมวลผลแล้ว,처리됨,1
fitToWidth,Fit to width,Ajustar al ancho,Ajustar al ancho,Ajustar a l'amplada,适应宽度,調整寬度,幅に合わせる,Adatta alla larghezza,An Breite anpassen,Ajuster à la largeur,Fit to width,Fit to width,Fit to width,Fit to width,Fit to width,Fit to width,Ajustar a l'amplada,ปรับให้พอดีกับความกว้าง,너비에 맞춤,1
noImageLoaded,No image loaded,No hay imagen cargada,No hay imagen cargada,No hi ha cap imatge carregada,未加载图片,尚未載入圖片,画像が読み込まれていません,Nessuna immagine caricata,Kein Bild geladen,Aucune image chargée,Nenhuma imagem carregada,Изображение не загружено,Nenhuma imagem carregada,Nie załadowano obrazu,Resim yüklenmedi,Ez da irudirik kargatu,Cap d\'imatge cargat,ไม่ได้โหลดภาพ,MT: No image loaded,1
zoom,Zoom,Zoom,Zoom,Zoom,缩放,縮放,ズーム,Zoom,Zoom,Zoom,Zoom,Zoom,Zoom,Zoom,Zoom,Zoom,Zoom,ซูม,확대/축소,1
tileGrid,Tile grid,Rejilla de tiles,Rejilla de tiles,Reixeta de tiles,瓦片网格,圖塊網格,タイルグリッド,Griglia tile,Tile-Gitter,Grille de tuiles,Tile grid,Tile grid,Tile grid,Tile grid,Tile grid,Tile grid,Reixeta de tiles,กริดไทล์,타일 그리드,1
framesGrid,Frames grid,Rejilla de fotogramas,Rejilla de fotogramas,Reixeta de fotogrames,帧网格,幀網格,フレームグリッド,Griglia frame,Frame-Gitter,Grille de frames,Frames grid,Frames grid,Frames grid,Frames grid,Frames grid,Frames grid,Reixeta de fotogrames,กริดเฟรม,프레임 그리드,1
tileSize,Tile size,Tamaño de tile,Tamaño de tile,Mida del tile,瓦片大小,圖塊大小,タイルサイズ,Dimensione tile,Tile-Größe,Taille de tuile,Tile size,Tile size,Tile size,Tile size,Tile size,Tile size,Mida del tile,ขนาดไทล์,타일 크기,1
frameSize,Frame size,Tamaño de fotograma,Tamaño de fotograma,Mida del fotograma,帧大小,幀大小,フレームサイズ,Dimensione frame,Frame-Größe,Taille de frame,Frame size,Frame size,Frame size,Frame size,Frame size,Frame size,Mida del fotograma,ขนาดเฟรม,프레임 크기,1
tileWidth,Width,Ancho,Ancho,Amplada,宽度,寬度,幅,Larghezza,Breite,Largeur,Width,Width,Width,Width,Width,Width,Amplada,ความกว้าง,너비,1
tileHeight,Height,Alto,Alto,Alçada,高度,高度,高さ,Altezza,Höhe,Hauteur,Height,Height,Height,Height,Height,Height,Alçada,ความสูง,높이,1
tileGridColor,Tile grid color,Color de la rejilla de tiles,Color de la rejilla de tiles,Color de la reixeta de tiles,瓦片网格颜色,圖塊網格顏色,タイルグリッドの色,Colore griglia tile,Tile-Gitterfarbe,Couleur de la grille de tuiles,Tile grid color,Tile grid цвет,Tile grid color,Tile grid kolor,Tile grid renk,Tile grid kolore,Color de la reixeta de tiles,สีกริดไทล์,타일 그리드 색상,1
frameWidth,Width,Ancho,Ancho,Amplada,宽度,寬度,幅,Larghezza,Breite,Largeur,Width,Width,Width,Width,Width,Width,Amplada,ความกว้าง,너비,1
frameHeight,Height,Alto,Alto,Alçada,高度,高度,高さ,Altezza,Höhe,Hauteur,Height,Height,Height,Height,Height,Height,Alçada,ความสูง,높이,1
frameGridColor,Frame grid color,Color de la rejilla de fotogramas,Color de la rejilla de fotogramas,Color de la reixeta de fotogrames,帧网格颜色,幀網格顏色,フレームグリッドの色,Colore griglia frame,Frame-Gitterfarbe,Couleur de la grille de frames,Frame grid color,Frame grid цвет,Frame grid color,Frame grid kolor,Frame grid renk,Frame grid kolore,Color de la reixeta de fotogrames,สีกริดเฟรม,프레임 그리드 색상,1
originalIndexedPng,Original:,Original:,Original:,Original:,原始：,原始：,オリジナル:,Originale:,Original:,Original:,Original:,Original:,Original:,Original:,Original:,Original:,Original:,ต้นฉบับ:,원본:,1
integerScaling,Integer scaling,Escala entera,Escala entera,Escalat enter,整数缩放,整數縮放,整数スケーリング,Scaling intero,Ganzzahlige Skalierung,Mise à l'échelle entière,Integer scaling,Integer scaling,Integer scaling,Integer scaling,Integer scaling,Integer scaling,Escalat enter,สเกลเป็นจำนวนเต็ม,정수 배율,1
width,Width,Ancho,Ancho,Amplada,宽度,寬度,幅,Larghezza,Breite,Largeur,Width,Width,Width,Width,Width,Width,Amplada,ความกว้าง,너비,1
height,Height,Alto,Alto,Alçada,高度,高度,高さ,Altezza,Höhe,Hauteur,Height,Height,Height,Height,Height,Height,Alçada,ความสูง,높이,1
resolution,Resolution,Resolución,Resolución,Resolució,分辨率,解析度,解像度,Risoluzione,Auflösung,Résolution,Resolution,Resolution,Resolution,Resolution,Resolution,Resolution,Resolució,ความละเอียด,해상도,1
targetResolution,Target Resolution,Resolución objetivo,Resolución objetivo,Resolució objectiu,目标分辨率,目標解析度,目標解像度,Risoluzione target,Zielauflösung,Résolution cible,Target Resolution,Target Resolution,Target Resolution,Target Resolution,Target Resolution,Target Resolution,Resolució objectiu,ความละเอียดเป้าหมาย,목표 해상도,1
originalSize,Original,Original,Original,Original,原始,原始,オリジナル,Originale,Original,Original,Original,Original,Original,Original,Original,Original,Original,ต้นฉบับ,원본,1
keepOriginalSize,Keep original size,Mantener tamaño original,Mantener tamaño original,Mantenir mida original,保留原始大小,保持原始大小,元のサイズを保持,Mantieni dimensione originale,Originalgröße beibehalten,Conserver la taille originale,Keep original size,Keep original size,Keep original size,Keep original size,Keep original size,Keep original size,Mantenir mida original,เก็บขนาดต้นฉบับ,원본 크기 유지,1
unscaledSize,Unscaled Resolution,Resolución sin escalado,Resolución sin escalado,Resolució sense escalat,未缩放分辨率,未縮放解析度,非スケール解像度,Risoluzione non scalata,Unskalierte Auflösung,Résolution sans mise à l'échelle,Unscaled Resolution,Unscaled Resolution,Unscaled Resolution,Unscaled Resolution,Unscaled Resolution,Unscaled Resolution,Resolució sense escalat,ความละเอียดไม่สเกล,비확대 해상도,1
removeScaling,Remove scaling from pixel art,Eliminar escalado del pixel art,Quitar escalado del pixel art,Eliminar escalat del pixel art,移除像素艺术缩放,移除像素藝術縮放,ピクセルアートのスケーリングを除去,Rimuovi scaling dal pixel art,Skalierung vom Pixelart entfernen,Supprimer la mise à l'échelle du pixel art,Remove scaling from pixel art,Remove scaling from pixel art,Remove scaling from pixel art,Remove scaling from pixel art,Remove scaling from pixel art,Remove scaling from pixel art,Eliminar escalat del pixel art,นำการสเกลออกจาก pixel art,픽셀 아트 스케일 제거,1
gameBoyRes,"Game Boy, Game Gear","Game Boy, Game Gear","MT: Game Boy, Game Gear","MT: Game Boy, Game Gear","MT: Game Boy, Game Gear","MT: Game Boy, Game Gear","MT: Game Boy, Game Gear","MT: Game Boy, Game Gear","MT: Game Boy, Game Gear","MT: Game Boy, Game Gear","Game Boy, Game Gear","Game Boy, Game Gear","Game Boy, Game Gear","Game Boy, Game Gear","Game Boy, Game Gear","Game Boy, Game Gear","Game Boy, Game Gear","Game Boy, Game Gear","Game Boy, Game Gear",1
amstradCpc0,"Amstrad CPC mode 0, Commodore 64 Multicolor","Modo Amstrad CPC 0, Commodore 64 multicolor","Modo Amstrad CPC 0, Commodore 64 multicolor","Mode Amstrad CPC 0, Commodore 64 multicolor",Amstrad CPC 模式 0，Commodore 64 多色,Amstrad CPC 模式 0，Commodore 64 多色,Amstrad CPC モード 0、Commodore 64 マルチカラー,"Modalità Amstrad CPC 0, Commodore 64 multicolor","Amstrad CPC Modus 0, Commodore 64 Mehrfarben","Mode Amstrad CPC 0, Commodore 64 multicolore","Amstrad CPC mode 0, Commodore 64 Multicolor","Amstrad CPC mode 0, Commodore 64 Multiцвет","Amstrad CPC mode 0, Commodore 64 Multicolor","Amstrad CPC mode 0, Commodore 64 Multikolor","Amstrad CPC mode 0, Commodore 64 Multirenk","Amstrad CPC mode 0, Commodore 64 Multikolore","Mode Amstrad CPC 0, Commodore 64 multicolor","โหมด Amstrad CPC 0, Commodore 64 หลายสี","Amstrad CPC 모드 0, Commodore 64 멀티컬러",1
megaDriveNtscH32,"Master System, Mega Drive NTSC H32, NES PAL, SNES","Master System, Mega Drive NTSC H32, NES PAL, SNES","Master System, Mega Drive NTSC H32, NES PAL, SNES","Master System, Mega Drive NTSC H32, NES PAL, SNES",Master System、Mega Drive NTSC H32、NES PAL、SNES,Master System、Mega Drive NTSC H32、NES PAL、SNES,Master System、Mega Drive NTSC H32、NES PAL、SNES,"Master System, Mega Drive NTSC H32, NES PAL, SNES","Master System, Mega Drive NTSC H32, NES PAL, SNES","Master System, Mega Drive NTSC H32, NES PAL, SNES","Master System, Mega Drive NTSC H32, NES PAL, SNES","Master System, Mega Drive NTSC H32, NES PAL, SNES","Master System, Mega Drive NTSC H32, NES PAL, SNES","Master System, Mega Drive NTSC H32, NES PAL, SNES","Master System, Mega Drive NTSC H32, NES PAL, SNES","Master System, Mega Drive NTSC H32, NES PAL, SNES","Master System, Mega Drive NTSC H32, NES PAL, SNES","Master System, Mega Drive NTSC H32, NES PAL, SNES","Master System, Mega Drive NTSC H32, NES PAL, SNES",1
megaDrivePalH32,"Master System PAL, Mega Drive PAL H32, NES NTSC, Master System PAL","MT: Master System PAL, Mega Drive PAL H32, NES NTSC, Master System PAL","MT: Master System PAL, Mega Drive PAL H32, NES NTSC, Master System PAL","MT: Master System PAL, Mega Drive PAL H32, NES NTSC, Master System PAL","MT: Master System PAL, Mega Drive PAL H32, NES NTSC, Master System PAL","MT: Master System PAL, Mega Drive PAL H32, NES NTSC, Master System PAL","MT: Master System PAL, Mega Drive PAL H32, NES NTSC, Master System PAL","MT: Master System PAL, Mega Drive PAL H32, NES NTSC, Master System PAL","MT: Master System PAL, Mega Drive PAL H32, NES NTSC, Master System PAL","MT: Master System PAL, Mega Drive PAL H32, NES NTSC, Master System PAL","Master System PAL, Mega Drive PAL H32, NES NTSC, Master System PAL","Master System PAL, Mega Drive PAL H32, NES NTSC, Master System PAL","Master System PAL, Mega Drive PAL H32, NES NTSC, Master System PAL","Master System PAL, Mega Drive PAL H32, NES NTSC, Master System PAL","Master System PAL, Mega Drive PAL H32, NES NTSC, Master System PAL","Master System PAL, Mega Drive PAL H32, NES NTSC, Master System PAL","Master System PAL, Mega Drive PAL H32, NES NTSC, Master System PAL","Master System PAL, Mega Drive PAL H32, NES NTSC, Master System PAL","Master System PAL, Mega Drive PAL H32, NES NTSC, Master System PAL","Master System PAL, Mega Drive PAL H32, NES NTSC, Master System PAL"
neoGeoCd,Neo Geo CD,Neo Geo CD,Neo Geo CD,Neo Geo CD,Neo Geo CD,Neo Geo CD,Neo Geo CD,Neo Geo CD,Neo Geo CD,Neo Geo CD,Neo Geo CD,Neo Geo CD,Neo Geo CD,Neo Geo CD,Neo Geo CD,Neo Geo CD,Neo Geo CD,Neo Geo CD,Neo Geo CD,1
amstradCpc1,"Amstrad CPC mode 1, Commodore 64 High-Res, Commodore Amiga Low Res NTSC"," ""Amstrad CPC modo 1","Modo Amstrad CPC 1, Commodore 64 High-Res, Amiga Low Res NTSC","Mode Amstrad CPC 1, Commodore 64 High-Res, Amiga Low Res NTSC",Amstrad CPC 模式 1、Commodore 64 高分辨率、Amiga 低分辨率 NTSC,Amstrad CPC 模式 1、Commodore 64 高解析度、Amiga 低解析度 NTSC,Amstrad CPC モード 1、Commodore 64 High-Res、Amiga Low Res NTSC,"Modalità Amstrad CPC 1, Commodore 64 High-Res, Amiga Low Res NTSC","Amstrad CPC Modus 1, Commodore 64 High-Res, Amiga Low Res NTSC","Mode Amstrad CPC 1, Commodore 64 High-Res, Amiga Low Res NTSC","Amstrad CPC mode 1, Commodore 64 High-Res, Commodore Amiga Low Res NTSC","Amstrad CPC mode 1, Commodore 64 High-Res, Commodore Amiga Low Res NTSC","Amstrad CPC mode 1, Commodore 64 High-Res, Commodore Amiga Low Res NTSC","Amstrad CPC mode 1, Commodore 64 High-Res, Commodore Amiga Low Res NTSC","Amstrad CPC mode 1, Commodore 64 High-Res, Commodore Amiga Low Res NTSC","Amstrad CPC mode 1, Commodore 64 High-Res, Commodore Amiga Low Res NTSC","Mode Amstrad CPC 1, Commodore 64 High-Res, Amiga Low Res NTSC","โหมด Amstrad CPC 1, Commodore 64 ความละเอียดสูง, Amiga ความละเอียดต่ำ NTSC","Amstrad CPC 모드 1, Commodore 64 고해상도, Amiga 저해상도 NTSC","Amstrad CPC mode 1, Commodore 64 High-Res, Commodore Amiga Low Res NTSC"
megaDriveNtscH40,"Mega Drive NTSC H40, Neo Geo","Mega Drive NTSC H40, Neo Geo","Mega Drive NTSC H40, Neo Geo","Mega Drive NTSC H40, Neo Geo",Mega Drive NTSC H40、Neo Geo,Mega Drive NTSC H40、Neo Geo,Mega Drive NTSC H40、Neo Geo,"Mega Drive NTSC H40, Neo Geo","Mega Drive NTSC H40, Neo Geo","Mega Drive NTSC H40, Neo Geo","Mega Drive NTSC H40, Neo Geo","Mega Drive NTSC H40, Neo Geo","Mega Drive NTSC H40, Neo Geo","Mega Drive NTSC H40, Neo Geo","Mega Drive NTSC H40, Neo Geo","Mega Drive NTSC H40, Neo Geo","Mega Drive NTSC H40, Neo Geo","Mega Drive NTSC H40, Neo Geo","Mega Drive NTSC H40, Neo Geo",1
megaDrivePalH40,Mega Drive PAL H40,Mega Drive PAL H40,Mega Drive PAL H40,Mega Drive PAL H40,Mega Drive PAL H40,Mega Drive PAL H40,Mega Drive PAL H40,Mega Drive PAL H40,Mega Drive PAL H40,Mega Drive PAL H40,Mega Drive PAL H40,Mega Drive PAL H40,Mega Drive PAL H40,Mega Drive PAL H40,Mega Drive PAL H40,Mega Drive PAL H40,Mega Drive PAL H40,Mega Drive PAL H40,Mega Drive PAL H40,1
amstradCpc2,"Amstrad CPC mode 2, Commodore Amiga Hi-Res NTSC","Modo Amstrad CPC 2, Commodore Amiga Hi-Res NTSC","Modo Amstrad CPC 2, Commodore Amiga Hi-Res NTSC","Mode Amstrad CPC 2, Commodore Amiga Hi-Res NTSC",Amstrad CPC 模式 2、Commodore Amiga 高分辨率 NTSC,Amstrad CPC 模式 2、Commodore Amiga 高解析度 NTSC,Amstrad CPC モード 2、Commodore Amiga Hi-Res NTSC,"Modalità Amstrad CPC 2, Commodore Amiga Hi-Res NTSC","Amstrad CPC Modus 2, Commodore Amiga Hi-Res NTSC","Mode Amstrad CPC 2, Commodore Amiga Hi-Res NTSC","Amstrad CPC mode 2, Commodore Amiga Hi-Res NTSC","Amstrad CPC mode 2, Commodore Amiga Hi-Res NTSC","Amstrad CPC mode 2, Commodore Amiga Hi-Res NTSC","Amstrad CPC mode 2, Commodore Amiga Hi-Res NTSC","Amstrad CPC mode 2, Commodore Amiga Hi-Res NTSC","Amstrad CPC mode 2, Commodore Amiga Hi-Res NTSC","Mode Amstrad CPC 2, Commodore Amiga Hi-Res NTSC","โหมด Amstrad CPC 2, Commodore Amiga Hi-Res NTSC","Amstrad CPC 모드 2, Commodore Amiga Hi-Res NTSC",1
amigaLowResPal,Commodore Amiga Low Res PAL,Commodore Amiga Low Res PAL,Commodore Amiga Low Res PAL,Commodore Amiga Low Res PAL,Commodore Amiga 低分辨率 PAL,Commodore Amiga 低解析度 PAL,Commodore Amiga Low Res PAL,Commodore Amiga Low Res PAL,Commodore Amiga Low Res PAL,Commodore Amiga Low Res PAL,Commodore Amiga Low Res PAL,Commodore Amiga Low Res PAL,Commodore Amiga Low Res PAL,Commodore Amiga Low Res PAL,Commodore Amiga Low Res PAL,Commodore Amiga Low Res PAL,Commodore Amiga Low Res PAL,Commodore Amiga ความละเอียดต่ำ PAL,Commodore Amiga 저해상도 PAL,1
amigaHiResPal,Commodore Amiga Hi-Res PAL,Commodore Amiga Hi-Res PAL,Commodore Amiga Hi-Res PAL,Commodore Amiga Hi-Res PAL,Commodore Amiga 高分辨率 PAL,Commodore Amiga 高解析度 PAL,Commodore Amiga Hi-Res PAL,Commodore Amiga Hi-Res PAL,Commodore Amiga Hi-Res PAL,Commodore Amiga Hi-Res PAL,Commodore Amiga Hi-Res PAL,Commodore Amiga Hi-Res PAL,Commodore Amiga Hi-Res PAL,Commodore Amiga Hi-Res PAL,Commodore Amiga Hi-Res PAL,Commodore Amiga Hi-Res PAL,Commodore Amiga Hi-Res PAL,Commodore Amiga ความละเอียดสูง PAL,Commodore Amiga 고해상도 PAL,1
msxZxSpectrum,"MSX, Master System, ZX Spectrum","MSX, Master System, ZX Spectrum","MSX, Master System, ZX Spectrum","MSX, Master System, ZX Spectrum",MSX、Master System、ZX Spectrum,MSX、Master System、ZX Spectrum,MSX、Master System、ZX Spectrum,"MSX, Master System, ZX Spectrum","MSX, Master System, ZX Spectrum","MSX, Master System, ZX Spectrum","MSX, Master System, ZX Spectrum","MSX, Master System, ZX Spectrum","MSX, Master System, ZX Spectrum","MSX, Master System, ZX Spectrum","MSX, Master System, ZX Spectrum","MSX, Master System, ZX Spectrum","MSX, Master System, ZX Spectrum","MSX, Master System, ZX Spectrum","MSX, Master System, ZX Spectrum",1
msxPlatform,MSX,MSX,MSX,MSX,MSX,MSX,MSX,MSX,MSX,MSX,MSX,MSX,MSX,MSX,MSX,MSX,MSX,MSX,MSX,1
cpsArcade,"CPS1, CPS2, CPS3","CPS1, CPS2, CPS3","CPS1, CPS2, CPS3","CPS1, CPS2, CPS3",CPS1、CPS2、CPS3,CPS1、CPS2、CPS3,CPS1、CPS2、CPS3,"CPS1, CPS2, CPS3","CPS1, CPS2, CPS3","CPS1, CPS2, CPS3","CPS1, CPS2, CPS3","CPS1, CPS2, CPS3","CPS1, CPS2, CPS3","CPS1, CPS2, CPS3","CPS1, CPS2, CPS3","CPS1, CPS2, CPS3","CPS1, CPS2, CPS3","CPS1, CPS2, CPS3","CPS1, CPS2, CPS3",1
pspPlatform,PSP,PSP,PSP,PSP,PSP,PSP,PSP,PSP,PSP,PSP,PSP,PSP,PSP,PSP,PSP,PSP,PSP,PSP,PSP,1
msxHiRes,MSX 2,MSX 2,MSX 2,MSX 2,MSX 2,MSX 2,MSX 2,MSX 2,MSX 2,MSX 2,MSX 2,MSX 2,MSX 2,MSX 2,MSX 2,MSX 2,MSX 2,MSX 2,MSX 2,1
gameBoyAdvance,Game Boy Advance,Game Boy Advance,Game Boy Advance,Game Boy Advance,Game Boy Advance,Game Boy Advance,Game Boy Advance,Game Boy Advance,Game Boy Advance,Game Boy Advance,Game Boy Advance,Game Boy Advance,Game Boy Advance,Game Boy Advance,Game Boy Advance,Game Boy Advance,Game Boy Advance,Game Boy Advance,Game Boy Advance,1
vgaAmiga,"VGA, Commodore Amiga ECS","MT: VGA, Commodore Amiga ECS","MT: VGA, Commodore Amiga ECS","MT: VGA, Commodore Amiga ECS","MT: VGA, Commodore Amiga ECS","MT: VGA, Commodore Amiga ECS","MT: VGA, Commodore Amiga ECS","MT: VGA, Commodore Amiga ECS","MT: VGA, Commodore Amiga ECS","MT: VGA, Commodore Amiga ECS","VGA, Commodore Amiga ECS","VGA, Commodore Amiga ECS","VGA, Commodore Amiga ECS","VGA, Commodore Amiga ECS","VGA, Commodore Amiga ECS","VGA, Commodore Amiga ECS","VGA, Commodore Amiga ECS","VGA, Commodore Amiga ECS","VGA, Commodore Amiga ECS",1
stretchToFit,Stretch to fit,Estirar para ajustar,Estirar para ajustar,Estirar per ajustar,拉伸以适应,延伸以適應,引き伸ばして合わせる,Allunga per adattare,Strecken um anzupassen,Étirer pour adapter,Stretch to fit,Stretch to fit,Stretch to fit,Stretch to fit,Stretch to fit,Stretch to fit,Estirar per ajustar,ยืดให้พอดี,늘려서 맞춤,1
centerWithBars,Center with black bars,Centrar con bandas negras,Centrar con franjas negras,Centrar amb bandes negres,居中并加黑边,置中並加黑邊,黒帯で中央表示,Centra con bande nere,Mit schwarzen Balken zentrieren,Centrer avec bandes noires,Center with black bars,Center with black bars,Center with black bars,Center with black bars,Center with black bars,Center with black bars,Centrar amb bandes negres,กึ่งกลางพร้อมแถบสีดำ,검은 바와 함께 가운데 정렬,1
scaleToFit,Scale to fit,Escalar para ajustar,Escalar para ajustar,Escalar per ajustar,缩放以适应,縮放以適應,スケールして合わせる,Scala per adattare,Skalieren um anzupassen,Échelle pour adapter,Scale to fit,Scale to fit,Scale to fit,Scale to fit,Scale to fit,Scale to fit,Escalar per ajustar,สเกลให้พอดี,맞춤으로 스케일,1
imageLoaded,Image loaded successfully!,¡Imagen cargada correctamente!,¡Imagen cargada correctamente!,Imatge carregada correctament!,图片加载成功！,圖片載入成功！,画像を読み込みました！,Immagine caricata con successo!,Bild erfolgreich geladen!,Image chargée avec succès !,Image loaded successfully!,Изображение loaded successfully!,Image loaded successfully!,Obraz loaded successfully!,Görüntü loaded successfully!,Irudia loaded successfully!,Imatge carregada correctament!,โหลดรูปสำเร็จ!,이미지 로드 완료!,1
imageLoadError,Failed to load image,Error al cargar la imagen,Error al cargar la imagen,Error en carregar la imatge,加载图片失败,載入圖片失敗,画像の読み込みに失敗しました,Errore nel caricamento dell'immagine,Fehler beim Laden des Bildes,Échec du chargement de l'image,Failed to load image,Failed to load image,Failed to load image,Failed to load image,Failed to load image,Failed to load image,Error en carregar la imatge,โหลดรูปไม่สำเร็จ,이미지 로드 실패,1
imageDownloaded,Image downloaded!,¡Imagen descargada!,¡Imagen descargada!,Imatge descarregada!,图片已下载！,圖片已下載！,画像をダウンロードしました！,Immagine scaricata!,Bild heruntergeladen!,Image téléchargée !,Image downloaded!,Изображение downloaded!,Image downloaded!,Obraz downloaded!,Görüntü downloaded!,Irudia downloaded!,Imatge descarregada!,ดาวน์โหลดรูปแล้ว!,이미지 다운로드 완료!,1
imageTooLarge,Image too large! Maximum size is 4096x4096px,¡Imagen demasiado grande! El tamaño máximo es 4096×4096px,¡Imagen demasiado grande! El tamaño máximo es 4096×4096px,Imatge massa gran! La mida màxima és 4096×4096px,图片过大！最大尺寸为 4096×4096px,圖片過大！最大尺寸為 4096×4096px,画像が大きすぎます！最大サイズは 4096×4096px,Immagine troppo grande! La dimensione massima è 4096×4096px,Bild zu groß! Maximale Größe ist 4096×4096px,Image trop grande ! La taille maximale est 4096×4096px,Image too large! Maximum size is 4096x4096px,Изображение too large! Maximum size is 4096x4096px,Image too large! Maximum size is 4096x4096px,Obraz too large! Maximum size is 4096x4096px,Görüntü too large! Maximum size is 4096x4096px,Irudia too large! Maximum size is 4096x4096px,Imatge massa gran! La mida màxima és 4096×4096px,รูปมีขนาดใหญ่เกินไป! ขนาดสูงสุดคือ 4096×4096px,이미지가 너무 큽니다! 최대 크기: 4096×4096px,1
exportSuccess,Export completed successfully!,¡Exportación completada con éxito!,¡Exportación completada con éxito!,Exportació completada amb èxit!,导出成功！,匯出成功！,エクスポートが完了しました！,Esportazione completata con successo!,Export erfolgreich abgeschlossen!,Export terminé avec succès !,Export completed successfully!,Экспорт completed successfully!,Export completed successfully!,Eksport completed successfully!,Dışa aktar completed successfully!,Esportatu completed successfully!,Exportació completada amb èxit!,ส่งออกสำเร็จ!,내보내기 완료!,1
loadImageToStart,Import an image to start editing,Importa una imagen para empezar a editar,Importa una imagen para empezar a editar,Importa una imatge per començar a editar,导入图片开始编辑,匯入圖片開始編輯,編集を始めるには画像をインポートしてください,Importa un'immagine per iniziare a modificare,"Importiere ein Bild, um mit der Bearbeitung zu beginnen",Importez une image pour commencer à éditer,Import an image to start editing,Import an image to start editing,Import an image to start editing,Import an image to start editing,Import an image to start editing,Import an image to start editing,Importa una imatge per començar a editar,นำเข้ารูปเพื่อเริ่มแก้ไข,편집을 시작하려면 이미지를 가져오세요,1
originalLabel,Original:,Original:,Original:,Original:,原始：,原始：,オリジナル:,Originale:,Original:,Original:,Original:,Оригинал:,Original:,Oryginał:,Orijinal:,Jatorrizkoa:,Original:,ต้นฉบับ:,MT: Original:,1
processedLabel,Processed:,Procesada:,Procesada:,Processada:,已处理：,已處理：,処理済み:,Elaborata:,Verarbeitet:,Traitée:,Processado:,Обработан:,Processado:,Przetworzony:,İşlenmiş:,Prozesatua:,Processat:,ประมวลผลแล้ว:,MT: Processed:,1
canvasNotSupported,Canvas not supported,Canvas no soportado,Canvas no soportado,Canvas no compatible,浏览器不支持 Canvas,瀏覽器不支援 Canvas,Canvas がサポートされていません,Canvas non supportato,Canvas wird nicht unterstützt,Canvas non pris en charge,Canvas not supported,Canvas not supported,Canvas not supported,Canvas not supported,Canvas not supported,Canvas not supported,Canvas no compatible,เบราว์เซอร์ไม่รองรับ Canvas,브라우저가 Canvas를 지원하지 않습니다,1
targetResolutionTooLarge,Target resolution too large! Maximum is 4096px,¡Resolución objetivo demasiado grande! El máximo es 4096px,¡Resolución objetivo demasiado grande! El máximo es 4096px,Resolució objectiu massa gran! El màxim és 4096px,目标分辨率过大！最大为 4096px,目標解析度過大！最大為 4096px,目標解像度が大きすぎます！最大は 4096px,Risoluzione target troppo alta! Il massimo è 4096px,Zielauflösung zu groß! Maximum ist 4096px,Résolution cible trop élevée ! Le maximum est 4096px,Target resolution too large! Maximum is 4096px,Target разрешение too large! Maximum is 4096px,Target resolution too large! Maximum is 4096px,Target rozdzielczość too large! Maximum is 4096px,Target çözünürlük too large! Maximum is 4096px,Target bereizmena too large! Maximum is 4096px,Resolució objectiu massa gran! El màxim és 4096px,ความละเอียดเป้าหมายใหญ่เกินไป! สูงสุดคือ 4096px,목표 해상도가 너무 큽니다! 최대: 4096px,1
imageTooLargeToProcess,Image too large to process. Try a smaller image or resolution.,Imagen demasiado grande para procesar. Prueba con una imagen o resolución menor.,Imagen demasiado grande para procesar. Prueba con una imagen o resolución menor.,Imatge massa gran per processar. Prova amb una imatge o resolució menor.,图片太大无法处理。请尝试更小的图片或分辨率。,圖片太大無法處理。請嘗試較小的圖片或解析度。,処理するには画像が大きすぎます。小さい画像や解像度を試してください。,Immagine troppo grande per essere processata. Prova con un'immagine o una risoluzione più piccola.,Bild zu groß zum Verarbeiten. Versuche ein kleineres Bild oder eine geringere Auflösung.,Image trop grande pour être traitée. Essayez une image ou une résolution plus petite.,Image too large to process. Try a smaller image or resolution.,Изображение too large to process. Try a smaller image or разрешение.,Image too large to process. Try a smaller image or resolution.,Obraz too large to process. Try a smaller image or rozdzielczość.,Görüntü too large to process. Try a smaller image or çözünürlük.,Irudia too large to process. Try a smaller image or bereizmena.,Imatge massa gran per processar. Prova amb una imatge o resolució menor.,รูปใหญ่เกินกว่าจะประมวลผล ลองใช้รูปที่เล็กลงหรือความละเอียดต่ำลง,이미지를 처리할 수 없습니다. 작은 이미지나 낮은 해상도로 시도하세요.,1
errorProcessingImage,Error processing image,Error al procesar la imagen,Error al procesar la imagen,Error en processar la imatge,处理图片时出错,處理圖片時發生錯誤,画像の処理中にエラーが発生しました,Errore durante l'elaborazione dell'immagine,Fehler beim Verarbeiten des Bildes,Erreur lors du traitement de l'image,Error processing image,Error processing image,Error processing image,Error processing image,Error processing image,Error processing image,Error en processar la imatge,เกิดข้อผิดพลาดขณะประมวลผลรูป,이미지 처리 중 오류 발생,1
chooseFile,Choose File,Elegir archivo,Elegir archivo,Escollir fitxer,选择文件,選擇檔案,ファイルを選択,Scegli file,Datei wählen,Choisir un fichier,Choose File,Choose File,Choose File,Choose File,Choose File,Choose File,Escollir fitxer,เลือกไฟล์,파일 선택,1
noFileChosen,No file chosen,Ningún archivo seleccionado,Ningún archivo seleccionado,Cap fitxer seleccionat,未选择文件,尚未選擇檔案,ファイルが選択されていません,Nessun file selezionato,Keine Datei ausgewählt,Aucun fichier choisi,No file chosen,No file chosen,No file chosen,No file chosen,No file chosen,No file chosen,Cap fitxer seleccionat,ยังไม่ได้เลือกไฟล์,선택된 파일 없음,1
pageNotFound,404,404,404,404,404,404,404,404,404,404,404,404,404,404,404,404,404,404,404,1
oopsPageNotFound,Oops! Page not found,¡Vaya! Página no encontrada,¡Vaya! Página no encontrada,Ups! Pàgina no trobada,页面未找到,找不到頁面,おっと！ページが見つかりません,Ops! Pagina non trovata,Ups! Seite nicht gefunden,Oups ! Page non trouvée,Oops! Page not found,Oops! Page not found,Oops! Page not found,Oops! Page not found,Oops! Page not found,Oops! Page not found,Ups! Pàgina no trobada,โอ๊ะ! ไม่พบหน้า,앗! 페이지를 찾을 수 없습니다,1
returnToHome,Return to Home,Volver al inicio,Volver al inicio,Tornar a l'inici,返回首页,返回主頁,ホームに戻る,Torna alla home,Zurück zur Startseite,Retour à l'accueil,Return to Home,Return to Home,Return to Home,Return to Home,Return to Home,Return to Home,Tornar a l'inici,กลับสู่หน้าแรก,홈으로 돌아가기,1
unlimitedColors,Unlimited,Ilimitado,Ilimitado,Ilimitat,无限,無限,無制限,Illimitato,Unbegrenzt,Illimité,Unlimited,Unlimited,Unlimited,Unlimited,Unlimited,Unlimited,Ilimitat,ไม่จำกัด,무제한,1
gameBoyColors,4 colors (green),4 colores (verde),4 colores (verde),4 colors (verd),4 色（绿色）,4 色（綠色）,4 色（緑）,4 colori (verde),4 Farben (grün),4 couleurs (vert),4 colors (green),4 цвета (green),4 colors (green),4 kolory (green),4 renkler (green),4 koloreak (green),4 colors (verd),4 สี (เขียว),4 색 (녹색),1
megaDrive16,Mega Drive (sprite sheet),Mega Drive (sprites),Mega Drive (sprites),Mega Drive (sprites),Mega Drive（sprites）,Mega Drive（sprites）,Mega Drive（スプライト）,Mega Drive (sprite),Mega Drive (Sprites),Mega Drive (sprites),Mega Drive (sprite sheet),Mega Drive (sprite sheet),Mega Drive (sprite sheet),Mega Drive (sprite sheet),Mega Drive (sprite sheet),Mega Drive (sprite sheet),Mega Drive (sprites),Mega Drive (สไปรท์ชีต),Mega Drive (스프라이트 시트),1
megaDrive16Colors,16 colors (RGB 3-3-3),16 colores (RGB 3-3-3),16 colores (RGB 3-3-3),16 colors (RGB 3-3-3),16 色（RGB 3-3-3）,16 色（RGB 3-3-3）,16 色（RGB 3-3-3）,16 colori (RGB 3-3-3),16 Farben (RGB 3-3-3),16 couleurs (RGB 3-3-3),16 colors (RGB 3-3-3),16 цвета (RGB 3-3-3),16 colors (RGB 3-3-3),16 kolory (RGB 3-3-3),16 renkler (RGB 3-3-3),16 koloreak (RGB 3-3-3),16 colors (RGB 3-3-3),16 สี (RGB 3-3-3),16 색 (RGB 3-3-3),1
megaDriveMultiColors,64 colors (4×16),64 colores (4×16),64 colores (4×16),64 colors (4×16),64 色（4×16）,64 色（4×16）,64 色（4×16）,64 colori (4×16),64 Farben (4×16),64 couleurs (4×16),64 colors (4×16),64 цвета (4×16),64 colors (4×16),64 kolory (4×16),64 renkler (4×16),64 koloreak (4×16),64 colors (4×16),64 สี (4×16),64 색 (4×16),1
megaDriveSingleColors,16 colors (9-bit),16 colores (9-bit),16 colores (9-bit),16 colors (9-bit),16 色（9-bit）,16 色（9-bit）,16 色（9-bit）,16 colori (9-bit),16 Farben (9-bit),16 couleurs (9-bit),16 colors (9-bit),16 цвета (9-bit),16 colors (9-bit),16 kolory (9-bit),16 renkler (9-bit),16 koloreak (9-bit),16 colors (9-bit),16 สี (9-bit),16 색 (9-bit),1
neoGeoMultiColors,4096 colors (16×256),4096 colores (16×256),4096 colores (16×256),4096 colors (16×256),4096 色（16×256）,4096 色（16×256）,4096 色（16×256）,4096 colori (16×256),4096 Farben (16×256),4096 couleurs (16×256),4096 colors (16×256),4096 цвета (16×256),4096 colors (16×256),4096 kolory (16×256),4096 renkler (16×256),4096 koloreak (16×256),4096 colors (16×256),4096 สี (16×256),4096 색 (16×256),1
neoGeoSingleColors,16 colors (15-bit),16 colores (15-bit),16 colores (15-bit),16 colors (15-bit),16 色（15-bit）,16 色（15-bit）,16 色（15-bit）,16 colori (15-bit),16 Farben (15-bit),16 couleurs (15-bit),16 colors (15-bit),16 цвета (15-bit),16 colors (15-bit),16 kolory (15-bit),16 renkler (15-bit),16 koloreak (15-bit),16 colors (15-bit),16 สี (15-bit),16 색 (15-bit),1
zxSpectrumColors,16 colors (4-bit),16 colores (4-bit),16 colores (4-bit),16 colors (4-bit),16 色（4-bit）,16 色（4-bit）,16 色（4-bit）,16 colori (4-bit),16 Farben (4-bit),16 couleurs (4-bit),16 colors (4-bit),16 цвета (4-bit),16 colors (4-bit),16 kolory (4-bit),16 renkler (4-bit),16 koloreak (4-bit),16 colors (4-bit),16 สี (4-bit),16 색 (4-bit),1
cgaPalette0,CGA Palette 0,Paleta CGA 0,Paleta CGA 0,Paleta CGA 0,CGA 调色板 0,CGA 調色盤 0,CGA パレット 0,Palette CGA 0,CGA Palette 0,Palette CGA 0,CGA Palette 0,CGA палитра 0,CGA Palette 0,CGA Paleta 0,CGA Palet 0,CGA Paleta 0,Paleta CGA 0,พาเลท CGA 0,CGA 팔레트 0,1
cgaPalette1,CGA Palette 1,Paleta CGA 1,Paleta CGA 1,Paleta CGA 1,CGA 调色板 1,CGA 調色盤 1,CGA パレット 1,Palette CGA 1,CGA Palette 1,Palette CGA 1,CGA Palette 1,CGA палитра 1,CGA Palette 1,CGA Paleta 1,CGA Palet 1,CGA Paleta 1,Paleta CGA 1,พาเลท CGA 1,CGA 팔레트 1,1
cgaPalette2,CGA Palette 2,Paleta CGA 2,Paleta CGA 2,Paleta CGA 2,CGA 调色板 2,CGA 調色盤 2,CGA パレット 2,Palette CGA 2,CGA Palette 2,Palette CGA 2,CGA Palette 2,CGA палитра 2,CGA Palette 2,CGA Paleta 2,CGA Palet 2,CGA Paleta 2,Paleta CGA 2,พาเลท CGA 2,CGA 팔레트 2,1
gameBoyRealistic,Game Boy (Realistic),Game Boy (realista),Game Boy (realista),Game Boy (realista),Game Boy（真实感）,Game Boy（真實風格）,Game Boy（リアル）,Game Boy (realistico),Game Boy (realistisch),Game Boy (réaliste),Game Boy (Realistic),Game Boy (Realistic),Game Boy (Realistic),Game Boy (Realistic),Game Boy (Realistic),Game Boy (Realistic),Game Boy (realista),Game Boy (สมจริง),Game Boy (리얼리스틱),1
amstradCpc,Amstrad CPC,Amstrad CPC,Amstrad CPC,Amstrad CPC,Amstrad CPC,Amstrad CPC,Amstrad CPC,Amstrad CPC,Amstrad CPC,Amstrad CPC,Amstrad CPC,Amstrad CPC,Amstrad CPC,Amstrad CPC,Amstrad CPC,Amstrad CPC,Amstrad CPC,Amstrad CPC,Amstrad CPC,1
nesPalette,NES,NES,NES,NES,NES,NES,NES,NES,NES,NES,NES,NES,NES,NES,NES,NES,NES,NES,NES,1
commodore64,Commodore 64,Commodore 64,Commodore 64,Commodore 64,Commodore 64,Commodore 64,Commodore 64,Commodore 64,Commodore 64,Commodore 64,Commodore 64,Commodore 64,Commodore 64,Commodore 64,Commodore 64,Commodore 64,Commodore 64,Commodore 64,Commodore 64,1
zxSpectrumPalette,ZX Spectrum,ZX Spectrum,ZX Spectrum,ZX Spectrum,ZX Spectrum,ZX Spectrum,ZX Spectrum,ZX Spectrum,ZX Spectrum,ZX Spectrum,ZX Spectrum,ZX Spectrum,ZX Spectrum,ZX Spectrum,ZX Spectrum,ZX Spectrum,ZX Spectrum,ZX Spectrum,ZX Spectrum,1
cgaColors,4 colors (CGA),4 colores (CGA),4 colores (CGA),4 colors (CGA),4 色（CGA）,4 色（CGA）,4 色（CGA）,4 colori (CGA),4 Farben (CGA),4 couleurs (CGA),4 colors (CGA),4 цвета (CGA),4 colors (CGA),4 kolory (CGA),4 renkler (CGA),4 koloreak (CGA),4 colors (CGA),4 สี (CGA),4 색 (CGA),1
amstradCpcColors,27 colors,27 colores,27 colores,27 colors,27 色,27 色,27 色,27 colori,27 Farben,27 couleurs,27 colors,27 цвета,27 colors,27 kolory,27 renkler,27 koloreak,27 colors,27 สี,27 색,1
nesColors,64 colors,64 colores,64 colores,64 colors,64 色,64 色,64 色,64 colori,64 Farben,64 couleurs,64 colors,64 цвета,64 colors,64 kolory,64 renkler,64 koloreak,64 colors,64 สี,64 색,1
commodore64Colors,16 colors,16 colores,16 colores,16 colors,16 色,16 色,16 色,16 colori,16 Farben,16 couleurs,16 colors,16 цвета,16 colors,16 kolory,16 renkler,16 koloreak,16 colors,16 สี,16 색,1
alignment,Alignment,Alineación,Alineación,Alineació,对齐,對齊,配置,Allineamento,Ausrichtung,Alignement,Alignment,Alignment,Alignment,Alignment,Alignment,Alignment,Alineació,การจัดตำแหน่ง,정렬,1
alignTopLeft,Top Left,Arriba izquierda,Arriba izquierda,A dalt a l'esquerra,左上,左上,左上,In alto a sinistra,Oben links,En haut à gauche,Top Left,Top Left,Top Left,Top Left,Top Left,Top Left,A dalt a l'esquerra,มุมบนซ้าย,좌상,1
alignTopCenter,Top Center,Arriba centro,Arriba centro,A dalt al centre,上中,上中,上中央,In alto al centro,Oben Mitte,En haut au centre,Top Center,Top Center,Top Center,Top Center,Top Center,Top Center,A dalt al centre,บนกลาง,상중,1
alignTopRight,Top Right,Arriba derecha,Arriba derecha,A dalt a la dreta,右上,右上,右上,In alto a destra,Oben rechts,En haut à droite,Top Right,Top Right,Top Right,Top Right,Top Right,Top Right,A dalt a la dreta,มุมบนขวา,우상,1
alignMiddleLeft,Middle Left,Centro izquierda,Centro izquierda,Al centre esquerra,中左,中左,中左,Centro sinistra,Mitte links,Milieu gauche,Middle Left,Middle Left,Middle Left,Middle Left,Middle Left,Middle Left,Al centre esquerra,กลางซ้าย,중좌,1
alignMiddleCenter,Middle Center,Centro,Centro,Al centre,居中,置中,中央,Centro,Mitte,Milieu,Middle Center,Middle Center,Middle Center,Middle Center,Middle Center,Middle Center,Al centre,กึ่งกลาง,중앙,1
alignMiddleRight,Middle Right,Centro derecha,Centro derecha,Al centre dreta,中右,中右,中右,Centro destra,Mitte rechts,Milieu droit,Middle Right,Middle Right,Middle Right,Middle Right,Middle Right,Middle Right,Al centre dreta,กลางขวา,중우,1
alignBottomLeft,Bottom Left,Abajo izquierda,Abajo izquierda,A baix a l'esquerra,左下,左下,左下,In basso a sinistra,Unten links,En bas à gauche,Bottom Left,Bottom Left,Bottom Left,Bottom Left,Bottom Left,Bottom Left,A baix a l'esquerra,มุมล่างซ้าย,좌하,1
alignBottomCenter,Bottom Center,Abajo centro,Abajo centro,A baix al centre,下中,下中,下中央,In basso al centro,Unten Mitte,En bas au centre,Bottom Center,Bottom Center,Bottom Center,Bottom Center,Bottom Center,Bottom Center,A baix al centre,ล่างกลาง,하중,1
alignBottomRight,Bottom Right,Abajo derecha,Abajo derecha,A baix a la dreta,右下,右下,右下,In basso a destra,Unten rechts,En bas à droite,Bottom Right,Bottom Right,Bottom Right,Bottom Right,Bottom Right,Bottom Right,A baix a la dreta,มุมล่างขวา,우하,1
showTileGrid,Show tile grid,Mostrar rejilla de tiles,Mostrar rejilla de tiles,Mostrar reixeta de tiles,显示瓦片网格,顯示圖塊網格,タイルグリッドを表示,Mostra griglia dei tile,Tile-Gitter anzeigen,Afficher la grille de tuiles,Show tile grid,Show tile grid,Show tile grid,Show tile grid,Show tile grid,Show tile grid,Mostrar reixeta de tiles,แสดงกริดไทล์,타일 그리드 표시,1
showFrameGrid,Show frame grid,Mostrar rejilla de fotogramas,Mostrar rejilla de fotogramas,Mostrar reixeta de fotogrames,显示帧网格,顯示幀網格,フレームグリッドを表示,Mostra griglia dei frame,Frame-Gitter anzeigen,Afficher la grille de frames,Show frame grid,Show frame grid,Show frame grid,Show frame grid,Show frame grid,Show frame grid,Mostrar reixeta de fotogrames,แสดงกริดเฟรม,프레임 그리드 표시,1
loadFromClipboard,Load from clipboard,Cargar desde portapapeles,Cargar desde portapapeles,Carregar des del porta-retalls,从剪贴板加载,從剪貼簿載入,クリップボードから読み込む,Carica dagli appunti,Aus der Zwischenablage laden,Charger depuis le presse-papiers,Load from clipboard,Load from clipboard,Load from clipboard,Load from clipboard,Load from clipboard,Load from clipboard,Carregar des del porta-retalls,โหลดจากคลิปบอร์ด,클립보드에서 불러오기,1
changeCamera,Change camera,Cambiar cámara,Cambiar cámara,Canviar càmera,切换相机,切換相機,カメラを切替,Cambia fotocamera,Kamera wechseln,Changer la caméra,Change camera,Change camera,Change camera,Change camera,Change camera,Change camera,Canviar càmera,เปลี่ยนกล้อง,카메라 변경,1
cameraError,Camera Error,Error de cámara,Error de cámara,Error de càmera,相机错误,相機錯誤,カメラエラー,Errore fotocamera,Kamera Fehler,Erreur de caméra,Camera Error,Camera Error,Camera Error,Camera Error,Camera Error,Camera Error,Error de càmera,ข้อผิดพลาดกล้อง,카메라 오류,1
cameraNotAvailable,Camera not available or access denied,Cámara no disponible o acceso denegado,Cámara no disponible o acceso denegado,Càmera no disponible o accés denegat,相机不可用或访问被拒绝,相機不可用或拒絕存取,カメラが利用できないかアクセスが拒否されました,Fotocamera non disponibile o accesso negato,Kamera nicht verfügbar oder Zugriff verweigert,Caméra non disponible ou accès refusé,Camera not available or access denied,Camera not available or access denied,Camera not available or access denied,Camera not available or access denied,Camera not available or access denied,Camera not available or access denied,Càmera no disponible o accés denegat,ไม่พบกล้อง หรือปฏิเสธการเข้าถึง,카메라를 사용할 수 없거나 접근이 거부되었습니다,1
cameraTimeout,Camera timeout - please try again,Tiempo de espera de la cámara — inténtalo de nuevo,Tiempo de espera de la cámara — inténtalo de nuevo,Temps d'espera de la càmera — torna-ho a provar,相机超时 — 请重试,相機逾時 — 請重試,カメラのタイムアウト — もう一度試してください,Timeout fotocamera — riprova,Kamera Timeout — bitte erneut versuchen,Timeout de la caméra — veuillez réessayer,Camera timeout - please try again,Camera timeout - please try again,Camera timeout - please try again,Camera timeout - please try again,Camera timeout - please try again,Camera timeout - please try again,Temps d'espera de la càmera — torna-ho a provar,การเชื่อมต่อกล้องหมดเวลา — โปรดลองอีกครั้ง,카메라 타임아웃 — 다시 시도하세요,1
cameraNotReadable,Could not start camera - please check permissions,No se pudo iniciar la cámara — revisa permisos,No se pudo iniciar la cámara — revisa permisos,No s'ha pogut iniciar la càmera — comprova permisos,无法启动相机 — 请检查权限,無法啟動相機 — 請檢查權限,カメラを開始できません — 権限を確認してください,Impossibile avviare la fotocamera — controlla i permessi,Kamera konnte nicht gestartet werden — überprüfe Berechtigungen,Impossible de démarrer la caméra — vérifiez les permissions,Could not start camera - please check permissions,Could not start camera - please check permissions,Could not start camera - please check permissions,Could not start camera - please check permissions,Could not start camera - please check permissions,Could not start camera - please check permissions,No s'ha pogut iniciar la càmera — comprova permisos,ไม่สามารถเริ่มกล้อง — ตรวจสอบสิทธิ์,카메라를 시작할 수 없습니다 — 권한을 확인하세요,1
exportAtCurrentZoom,Export at current zoom,Exportar al zoom actual,Exportar al zoom actual,Exportar al zoom actual,按当前缩放导出,以當前縮放匯出,現在のズームでエクスポート,Esporta con lo zoom corrente,Beim aktuellen Zoom exportieren,Exporter au zoom courant,Exportar no zoom atual,Экспорт с текущим зумом,Exportar no zoom atual,Eksportuj w bieżącym powiększeniu,Mevcut yakınlaştırmada dışa aktar,Uneko zoom-ean esportatu,Exportar al zoom actual,ส่งออกที่การซูมปัจจุบัน,현재 줌에서 내보내기,1
exportAtOriginalSize,Export at original size,Exportar al tamaño original,Exportar al tamaño original,Exportar a la mida original,按原始尺寸导出,以原始尺寸匯出,元のサイズでエクスポート,Esporta alla dimensione originale,In Originalgröße exportieren,Exporter à la taille originale,Export at original size,Экспорт at original size,Export at original size,Eksport at original size,Dışa aktar at original size,Esportatu at original size,Exportar a la mida original,ส่งออกที่ขนาดต้นฉบับ,원래 크기로 내보내기,1
exportWithGrids,Export with grids,Exportar con rejillas,Exportar con rejillas,Exportar amb reixetes,包含网格导出,包含網格匯出,グリッド付きでエクスポート,Esporta con griglie,Mit Gittern exportieren,Exporter avec grilles,Exportar com grelhas,Экспорт с сетками,Exportar com grades,Eksportuj z siatkami,Izgaralarla dışa aktar,Saretiekin esportatu,Exportar amb grilhas,ส่งออกพร้อมกริด,그리드 포함 내보내기,1
exportWithoutGrids,Export without grids,Exportar sin rejillas,Exportar sin rejillas,Exportar sense reixetes,不含网格导出,不含網格匯出,グリッドなしでエクスポート,Esporta senza griglie,Ohne Gitter exportieren,Exporter sans grilles,Export without grids,Экспорт without grids,Export without grids,Eksport without grids,Dışa aktar without grids,Esportatu without grids,Exportar sense reixetes,ส่งออกโดยไม่รวมกริด,그리드 없이 내보내기,1
exportFormat,Export Format,Formato de exportación,Formato de exportación,Format d'exportació,导出格式,匯出格式,エクスポート形式,Formato di esportazione,Exportformat,Format d'export,Formato de Exportação,Формат Экспорта,Formato de Exportação,Format Eksportu,Dışa Aktarma Formatı,Esportazio Formatua,Format d\'Exportacion,รูปแบบการส่งออก,내보내기 형식,1
exportTypes,Export Types,Tipos de exportación,Tipos de exportación,Tipus d'exportació,导出类型,匯出類型,エクスポートタイプ,Tipi di esportazione,Exporttypen,Types d'export,Tipos de Exportação,Типы Экспорта,Tipos de Exportação,Typy Eksportu,Dışa Aktarma Türleri,Esportazio Motak,Tipes d\'Exportacion,ประเภทการส่งออก,내보내기 유형,1
loadImageDescription,"Import, capture, or paste an image to start editing","Importa, captura o pega una imagen para empezar a editar","MT: Import, capture, or paste an image to start editing","MT: Import, capture, or paste an image to start editing","MT: Import, capture, or paste an image to start editing","MT: Import, capture, or paste an image to start editing","MT: Import, capture, or paste an image to start editing","MT: Import, capture, or paste an image to start editing","MT: Import, capture, or paste an image to start editing","MT: Import, capture, or paste an image to start editing","Import, capture, or paste an image to start editing","Import, capture, or paste an image to start editing","Import, capture, or paste an image to start editing","Import, capture, or paste an image to start editing","Import, capture, or paste an image to start editing","Import, capture, or paste an image to start editing","Import, capture, or paste an image to start editing",นำเข้าหรือจับภาพ หรือวางรูปเพื่อเริ่มแก้ไข,편집을 시작하려면 이미지를 가져오거나 캡처하거나 붙여넣기,1
changePaletteDescription,Select a retro console color palette to apply,Selecciona una paleta retro para aplicar,Selecciona una paleta retro para aplicar,Selecciona una paleta retro per aplicar,选择一款复古主机的调色板应用,選擇一款復古主機的調色盤套用,レトロなゲーム機のパレットを選択して適用,Seleziona una palette retro da applicare,"Wähle eine Retro-Konsole-Palette aus, um sie anzuwenden",Sélectionnez une palette rétro à appliquer,Select a retro console color palette to apply,Select a retro console цвет palette to apply,Select a retro console color palette to apply,Select a retro console kolor palette to apply,Select a retro console renk palette to apply,Select a retro console kolore palette to apply,Selecciona una paleta retro per aplicar,เลือกพาเลทสีของคอนโซลเรโทรเพื่อใช้งาน,적용할 레트로 콘솔 색상 팔레트를 선택하세요,1
changeResolutionDescription,Choose target resolution and scaling mode,Elige la resolución objetivo y el modo de escalado,Elige la resolución objetivo y el modo de escalado,Tria la resolució objectiu i el mode d'escalat,选择目标分辨率和缩放模式,選擇目標解析度與縮放模式,目標解像度とスケーリングモードを選択,Scegli la risoluzione target e la modalità di scala,Wähle Zielauflösung und Skalierungsmodus,Choisissez la résolution cible et le mode de mise à l'échelle,Choose target resolution and scaling mode,Choose target разрешение and scaling mode,Choose target resolution and scaling mode,Choose target rozdzielczość and scaling mode,Choose target çözünürlük and scaling mode,Choose target bereizmena and scaling mode,Tria la resolució objectiu i el mode d'escalat,เลือกความละเอียดเป้าหมายและโหมดการสเกล,목표 해상도와 스케일 모드를 선택하세요,1
changeGridsDescription,Configure tile and frame grid overlays,Configura las superposiciones de rejilla de tiles y fotogramas,Configura las superposiciones de rejilla de tiles y fotogramas,Configura les superposicions de reixeta de tiles i fotogrames,配置瓦片与帧的网格覆盖,設定圖塊與幀的格線覆蓋,タイルとフレームのグリッドオーバーレイを設定,Configura le sovrapposizioni delle griglie per tile e frame,Konfiguriere Tile- und Frame-Gitterüberlagerungen,Configurez les superpositions de grille pour tiles et frames,Configure tile and frame grid overlays,Configure tile and frame grid overlays,Configure tile and frame grid overlays,Configure tile and frame grid overlays,Configure tile and frame grid overlays,Configure tile and frame grid overlays,Configura les superposicions de reixeta de tiles i fotogrames,กำหนดทับเส้นกริดของไทล์และเฟรม,타일 및 프레임 그리드 오버레이를 구성하세요,1
exportImageDescription,Download or share your processed image,Descargar o compartir la imagen procesada,Descargar o compartir la imagen procesada,Descarregar o compartir la imatge processada,下载或分享处理后的图片,下載或分享處理後的圖片,処理した画像をダウンロードまたは共有,Scarica o condividi l'immagine processata,Verarbeitetes Bild herunterladen oder teilen,Télécharger ou partager l'image traitée,Download or share your processed image,Download or share your processed image,Download or share your processed image,Download or share your processed image,Download or share your processed image,Download or share your processed image,Descarregar o compartir la imatge processada,ดาวน์โหลดหรือแชร์ภาพที่ประมวลผลแล้ว,처리된 이미지를 다운로드하거나 공유하세요,1
zoomedResolution,zoomed,zoomed,zoomed,zoomed,zoomed,zoomed,zoomed,zoomed,zoomed,zoomed,zoomed,zoomed,zoomed,zoomed,zoomed,zoomed,zoomed,zoomed,확대됨,1
zoomedDimensions,({width}×{height} zoomed),({width}×{height} ampliado),({width}×{height} ampliado),({width}×{height} ampliat),({width}×{height} 缩放),({width}×{height} 縮放),({width}×{height} ズーム),({width}×{height} ingrandito),({width}×{height} vergrößert),({width}×{height} zoomé),({width}×{height} ampliado),({width}×{height} zoomed),MT: ({width}×{height} zoomed),({width}×{height} zoomed),({width}×{height} zoomed),({width}×{height} zoomed),({width}×{height} ampliat),({width}×{height} zoomed),({width}×{height} 확대),({width}×{height} zvětšeno)
png8IndexedFormat,PNG-8 Indexed ({count} colors palette),PNG-8 indexado ({count} colores paleta),PNG-8 indexado (paleta de {count} colores),PNG-8 Indexat (paleta de {count} colors),PNG-8 索引 ({count}色调色板),PNG-8 索引 ({count}色調色板),PNG-8 インデックス ({count}色パレット),PNG-8 Indicizzato (tavolozza di {count} colori),PNG-8 Indiziert ({count} Farben Palette),PNG-8 Indexé (palette de {count} couleurs),PNG-8 Indexado (paleta de {count} cores),PNG-8 Indexed ({count} цвета palette),MT: PNG-8 Indexed ({count} colors palette),PNG-8 Indexed ({count} kolory palette),PNG-8 Indexed ({count} renkler palette),PNG-8 Indexed ({count} koloreak palette),PNG-8 Indexat (paleta de {count} colors),PNG-8 ดัชนี ({count} พาเลทสี),PNG-8 인덱스 ({count} 색 팔레트),PNG-8 indexovaný ({count} barev paleta)
png24IndexedFormat,PNG-24 Indexed ({count} colors palette),PNG-24 indexada (paleta de {count} colores),PNG-24 indexada (paleta de {count} colores),PNG-24 Indexat (paleta de {count} colors),PNG-24 索引 ({count}色调色板),PNG-24 索引 ({count}色調色板),PNG-24 インデックス ({count}色パレット),PNG-24 Indicizzato (tavolozza di {count} colori),PNG-24 Indiziert ({count} Farben Palette),PNG-24 Indexé (palette de {count} couleurs),PNG-24 Indexed ({count} colors palette),PNG-24 Indexed ({count} цвета palette),PNG-24 Indexed ({count} colors palette),PNG-24 Indexed ({count} kolory palette),PNG-24 Indexed ({count} renkler palette),PNG-24 Indexed ({count} koloreak palette),PNG-24 Indexat (paleta de {count} colors),PNG-24 ดัชนี ({count} พาเลทสี),PNG-24 인덱스 ({count} 색 팔레트),PNG-24 indexovaný ({count} barev paleta)
png24RgbFormat,PNG-24 RGB,PNG-24 RGB,PNG-24 RGB,PNG-24 RGB,PNG-24 RGB,PNG-24 RGB,PNG-24 RGB,PNG-24 RGB,PNG-24 RGB,PNG-24 RGB,PNG-24 RGB,PNG-24 RGB,MT: PNG-24 RGB,PNG-24 RGB,PNG-24 RGB,PNG-24 RGB,PNG-24 RGB,PNG-24 RGB,PNG-24 RGB,1
captureButton,Capture,Capturar,Capturar,Capturar,拍摄,拍攝,キャプチャ,Cattura,Aufnehmen,Capturer,Capturar,Снимок,MT: Capture,Capture,Capture,Capture,Capturar,จับภาพ,캡처,1
languageNames.en,English,English,MT: English,MT: English,MT: English,MT: English,MT: English,MT: English,MT: English,MT: English,English,English,English,English,English,English,English,English,English,1
languageNames.es-ES,Español (España),Español (España),MT: Español (España),MT: Español (España),MT: Español (España),MT: Español (España),MT: Español (España),MT: Español (España),MT: Español (España),MT: Español (España),Español (España),Español (España),Español (España),Español (España),Español (España),Español (España),Español (España),Español (España),Español (España),1
languageNames.es-LA,Español (Latinoamérica),Español (Latinoamérica),Español (Latinoamérica),Español (Latinoamérica),Español (Latinoamérica),Español (Latinoamérica),Español (Latinoamérica),Español (Latinoamérica),Español (Latinoamérica),Español (Latinoamérica),Español (Latinoamérica),Español (Latinoamérica),Español (Latinoamérica),Español (Latinoamérica),Español (Latinoamérica),Español (Latinoamérica),Español (Latinoamérica),Español (Latinoamérica),Español (Latinoamérica),1
languageNames.ca,Català,Català,Català,Català,Català,Català,Català,Català,Català,Català,Català,Català,Català,Català,Català,Català,Català,Català,Català,1
languageNames.zh-CN,简体中文,简体中文,简体中文,简体中文,简体中文,简体中文,简体中文,简体中文,简体中文,简体中文,简体中文,简体中文,简体中文,简体中文,简体中文,简体中文,简体中文,简体中文,简体中文,1
languageNames.zh-TW,繁體中文,繁體中文,繁體中文,繁體中文,繁體中文,繁體中文,繁體中文,繁體中文,繁體中文,繁體中文,繁體中文,繁體中文,繁體中文,繁體中文,繁體中文,繁體中文,繁體中文,繁體中文,繁體中文,1
languageNames.ja,日本語,日本語,日本語,日本語,日本語,日本語,日本語,日本語,日本語,日本語,日本語,日本語,日本語,日本語,日本語,日本語,日本語,日本語,日本語,1
languageNames.it,Italiano,Italiano,Italiano,Italiano,Italiano,Italiano,Italiano,Italiano,Italiano,Italiano,Italiano,Italiano,Italiano,Italiano,Italiano,Italiano,Italiano,Italiano,Italiano,1
languageNames.de,Deutsch,Deutsch,Deutsch,Deutsch,Deutsch,Deutsch,Deutsch,Deutsch,Deutsch,Deutsch,Deutsch,Deutsch,Deutsch,Deutsch,Deutsch,Deutsch,Deutsch,Deutsch,Deutsch,1
languageNames.fr,Français,Français,Français,Français,Français,Français,Français,Français,Français,Français,Français,Français,Français,Français,Français,Français,Français,Français,Français,1
languageNames.pt-PT,Português (Portugal),Português (Portugal),Português (Portugal),Português (Portugal),Português (Portugal),Português (Portugal),Português (Portugal),Português (Portugal),Português (Portugal),Português (Portugal),Português (Portugal),Português (Portugal),Português (Portugal),Português (Portugal),Português (Portugal),Português (Portugal),Português (Portugal),Português (Portugal),Português (Portugal),1
languageNames.ru,Русский,Русский,Русский,Русский,Русский,Русский,Русский,Русский,Русский,Русский,Русский,Русский,Русский,Русский,Русский,Русский,Русский,Русский,Русский,1
languageNames.pt-BR,Português (Brasil),Português (Brasil),Português (Brasil),Português (Brasil),Português (Brasil),Português (Brasil),Portugu Português (Brasil),Portugu Português (Brasil),Portugu Português (Brasil),Portugu Português (Brasil),Português (Brasil),Português (Brasil),Português (Brasil),Português (Brasil),Português (Brasil),Português (Brasil),Português (Brasil),Português (Brasil),Português (Brasil),1
languageNames.pl,Polski,Polski,Polski,Polski,Polski,Polski,Polski,Polski,Polski,Polski,Polski,Polski,Polski,Polski,Polski,Polski,Polski,Polski,Polski,1
languageNames.tr,Türkçe,Türkçe,Türkçe,Türkçe,Türkçe,Türkçe,Türkçe,Türkçe,Türkçe,Türkçe,Türkçe,Türkçe,Türkçe,Türkçe,Türkçe,Türkçe,Türkçe,Türkçe,Türkçe,1
languageNames.eu,Euskera,Euskera,Euskera,Euskera,Euskera,Euskera,Euskera,Euskera,Euskera,Euskera,Euskera,Euskera,Euskera,Euskera,Euskera,Euskera,Euskera,Euskera,Euskera,1
languageNames.oc,Aranés,Aranés,Aranés,Aranés,Aranés,Aranés,Aranés,Aranés,Aranés,Aranés,Aranés,Aranés,Aranés,Aranés,Aranés,Aranés,Aranés,Aranés,Aranés,1
languageNames.th,ไทย,ไทย,ไทย,ไทย,ไทย,ไทย,ไทย,ไทย,ไทย,ไทย,ไทย,ไทย,ไทย,ไทย,ไทย,ไทย,ไทย,ไทย,ไทย,1
languageNames.ko,한국어,한국어,한국어,한국어,한국어,한국어,한국어,한국어,한국어,한국어,한국어,한국어,한국어,한국어,한국어,한국어,한국어,한국어,한국어,1
languageNames.cs,Čeština,Čeština,Čeština,Čeština,Čeština,Čeština,Čeština,Čeština,Čeština,Čeština,Čeština,Čeština,Čeština,Čeština,Čeština,Čeština,Čeština,Čeština,Čeština,1
noImageFoundInClipboard,No image found in clipboard,No se encontró imagen en el portapapeles,No se encontró imagen en el portapapeles,No s'ha trobat cap imatge al porta-retalls,剪贴板中未找到图片,剪貼簿中未找到圖片,クリップボードに画像が見つかりませんでした,Nessuna immagine trovata negli appunti,Kein Bild in der Zwischenablage gefunden,Aucune image trouvée dans le presse-papiers,No image found in clipboard,No image found in clipboard,No image found in clipboard,No image found in clipboard,No image found in clipboard,No image found in clipboard,No s'ha trobat cap imatge al porta-retalls,ไม่พบรูปในคลิปบอร์ด,클립보드에서 이미지를 찾을 수 없습니다,1
failedToReadClipboard,Failed to read clipboard. Please make sure you have an image copied.,No se pudo leer el portapapeles. Asegúrate de tener una imagen copiada.,No se pudo leer el portapapeles. Asegúrate de tener una imagen copiada.,No s'ha pogut llegir el porta-retalls. Assegura't de tenir una imatge copiada.,无法读取剪贴板。请确保已复制图片。,無法讀取剪貼簿。請確保已複製圖片。,クリップボードの読み取りに失敗しました。画像がコピーされていることを確認してください。,Impossibile leggere gli appunti. Assicurati di avere un'immagine copiata.,"Konnte die Zwischenablage nicht lesen. Stelle sicher, dass ein Bild kopiert wurde.",Impossible de lire le presse-papiers. Assurez-vous qu'une image est copiée.,Failed to read clipboard. Please make sure you have an image copied.,Failed to read clipboard. Please make sure you have an image copied.,Failed to read clipboard. Please make sure you have an image copied.,Failed to read clipboard. Please make sure you have an image copied.,Failed to read clipboard. Please make sure you have an image copied.,Failed to read clipboard. Please make sure you have an image copied.,No s'ha pogut llegir el porta-retalls. Assegura't de tenir una imatge copiada.,ไม่สามารถอ่านคลิปบอร์ดได้ โปรดตรวจสอบว่ามีรูปถูกคัดลอกไว้,클립보드를 읽을 수 없습니다. 이미지가 복사되었는지 확인하세요.,1
pleaseDropImageFile,Please drop an image file,"Por favor, suelta un archivo de imagen","Por favor, suelta un archivo de imagen","Si us plau, deixa un fitxer d'imatge",请放下一个图片文件,請放下圖片檔案,画像ファイルをドロップしてください,"Per favore, rilascia un file immagine",Bitte lass eine Bilddatei fallen,Veuillez déposer un fichier image,Please drop an image file,Please drop an image file,Please drop an image file,Please drop an image file,Please drop an image file,Please drop an image file,"Si us plau, deixa un fitxer d'imatge",โปรดปล่อยไฟล์รูป,이미지 파일을 드롭하세요,1
clipboardError,Failed to copy image to clipboard,Error al copiar la imagen al portapapeles,Error al copiar la imagen al portapapeles,Error en copiar la imatge al porta-retalls,复制图片到剪贴板失败,複製圖片到剪貼簿失敗,画像をクリップボードにコピーできませんでした,Errore nel copiare l'immagine negli appunti,Fehler beim Kopieren des Bildes in die Zwischenablage,Échec de la copie de l'image dans le presse-papiers,Failed to copy image to clipboard,Failed to copy image to clipboard,Failed to copy image to clipboard,Failed to copy image to clipboard,Failed to copy image to clipboard,Failed to copy image to clipboard,Error en copiar la imatge al porta-retalls,คัดลอกรูปไปยังคลิปบอร์ดไม่สำเร็จ,이미지를 클립보드에 복사하지 못했습니다,1
copyImageError,Failed to copy image to clipboard,Error al copiar la imagen al portapapeles,Error al copiar la imagen al portapapeles,Error en copiar la imatge al porta-retalls,复制图片到剪贴板失败,複製圖片到剪貼簿失敗,画像をクリップボードにコピーできませんでした,Errore nel copiare l'immagine negli appunti,Fehler beim Kopieren des Bildes in die Zwischenablage,Échec de la copie de l'image dans le presse-papiers,Failed to copy image to clipboard,Failed to copy image to clipboard,Failed to copy image to clipboard,Failed to copy image to clipboard,Failed to copy image to clipboard,Failed to copy image to clipboard,Error en copiar la imatge al porta-retalls,คัดลอกรูปไปยังคลิปบอร์ดไม่สำเร็จ,이미지를 클립보드에 복사하지 못했습니다,1
clickToChangeColor,Click in a color to edit it or drag it to change its position within the palette,Haz clic en un color para editarlo o arrástralo para cambiar su posición en la paleta,Toca un color para editarlo o arrástralo para cambiar su posición en la paleta,Fes clic a un color per editar-lo o arrossega'l per canviar la seva posició a la paleta,点击颜色进行编辑，或拖动以改变其在调色板中的位置,點選顏色進行編輯，或拖曳改變其在調色盤中的位置,色をクリックして編集するか、ドラッグしてパレット内の位置を変更してください,Clicca un colore per modificarlo o trascinalo per cambiare la sua posizione nella palette,"Klicke eine Farbe, um sie zu bearbeiten oder ziehe sie, um ihre Position in der Palette zu ändern",Cliquez une couleur pour la modifier ou faites-la glisser pour changer sa position dans la palette,Clique numa cor para editá-la ou arraste-a para alterar a sua posição na paleta,"Нажмите на цвет, чтобы изменить его, или перетащите, чтобы изменить его позицию в палитре",MT: Click in a color to edit it or drag it to change its position within the palette,Click in a kolor to edit it or drag it to change its position within the palette,Click in a renk to edit it or drag it to change its position within the palette,Click in a kolore to edit it or drag it to change its position within the palette,Fes clic a un color per editar-lo o arrossega'l per canviar la seva posició a la paleta,คลิกสีเพื่อแก้ไข หรือลากเพื่อเปลี่ยนตำแหน่งในพาเลท,색상을 클릭하여 편집하거나 드래그하여 팔레트 내 위치를 변경하세요,1
dropboxComingSoon,Dropbox integration coming soon!,¡Integración con Dropbox próximamente!,¡Integración con Dropbox próximamente!,Integració amb Dropbox pròximament!,Dropbox 集成即将推出！,Dropbox 整合即將推出！,Dropbox 統合は近日対応予定！,Integrazione con Dropbox in arrivo!,Dropbox-Integration kommt bald!,Intégration Dropbox bientôt disponible !,Dropbox integration coming soon!,Dropbox integration coming soon!,Dropbox integration coming soon!,Dropbox integration coming soon!,Dropbox integration coming soon!,Dropbox integration coming soon!,Integració amb Dropbox pròximament!,การผนวกรวม Dropbox เร็ๆ นี้,Dropbox 통합 준비 중입니다!,1
googleDriveComingSoon,Google Drive integration coming soon!,¡Integración con Google Drive próximamente!,¡Integración con Google Drive próximamente!,Integració amb Google Drive pròximament!,Google Drive 集成即将推出！,Google Drive 整合即將推出！,Google Drive 統合は近日対応予定！,Integrazione con Google Drive in arrivo!,Google Drive-Integration kommt bald!,Intégration Google Drive bientôt disponible !,Google Drive integration coming soon!,Google Drive integration coming soon!,Google Drive integration coming soon!,Google Drive integration coming soon!,Google Drive integration coming soon!,Google Drive integration coming soon!,Integració amb Google Drive pròximament!,การผนวกรวม Google Drive เร็ๆ นี้,Google Drive 통합 준비 중입니다!,1
selectCamera,Select camera,Seleccionar cámara,Seleccionar càmera,MT: Select camera,MT: Select camera,カメラ選択,MT: Select camera,Kamera auswählen,Sélectionner caméra,MT: Select camera,Select camera,Select camera,Select camera,Select camera,Select camera,Select camera,Select camera,เลือกกล้อง,카메라 선택,1
noCamerasDetected,"No cameras detected, please close and try again after connecting, activating and enabling a camera",No se detectaron cámaras; cierra y vuelve a intentarlo tras conectar y activar una cámara,No se detectaron cámaras; cierra y vuelve a intentarlo tras conectar y activar una cámara,No s'han detectat càmeres; tanca i torna a provar després de connectar i activar una càmera,未检测到相机；连接并启用相机后重试,未偵測到相機；連接並啟用相機後重試,カメラが検出されませんでした; 接続して有効にしてから再試行してください,Nessuna fotocamera rilevata; chiudi e riprova dopo aver collegato e attivato una fotocamera,"Keine Kameras erkannt; schließe und versuche es erneut, nachdem du eine Kamera angeschlossen und aktiviert hast",Aucune caméra détectée ; reconnectez et activez une caméra puis réessayez,"No cameras detected, please close and try again after connecting, activating and enabling a camera","No cameras detected, please close and try again after connecting, activating and enabling a camera","No cameras detected, please close and try again after connecting, activating and enabling a camera","No cameras detected, please close and try again after connecting, activating and enabling a camera","No cameras detected, please close and try again after connecting, activating and enabling a camera","No cameras detected, please close and try again after connecting, activating and enabling a camera",No s'han detectat càmeres; tanca i torna a provar després de connectar i activar una càmera,ไม่พบกล้อง; โปรดเชื่อมต่อ เปิดใช้งาน แล้วลองอีกครั้ง,카메라가 감지되지 않았습니다; 카메라를 연결하고 활성화한 후 다시 시도하세요,1
camera1,Camera 1,Cámara 1,Cámara 1,Càmera 1,相机 1,相機 1,カメラ 1,Fotocamera 1,Kamera 1,Caméra 1,Camera 1,Camera 1,Camera 1,Camera 1,Camera 1,Camera 1,Càmera 1,กล้อง 1,카메라 1,1
camera2,Camera 2,Cámara 2,Cámara 2,Càmera 2,相机 2,相機 2,カメラ 2,Fotocamera 2,Kamera 2,Caméra 2,Camera 2,Camera 2,Camera 2,Camera 2,Camera 2,Camera 2,Càmera 2,กล้อง 2,카메라 2,1
camera3,Camera 3,Cámara 3,Cámara 3,Càmera 3,相机 3,相機 3,カメラ 3,Fotocamera 3,Kamera 3,Caméra 3,Camera 3,Camera 3,Camera 3,Camera 3,Camera 3,Camera 3,Càmera 3,กล้อง 3,카메라 3,1
png8Indexed,PNG-8 Indexed,PNG-8 indexada,PNG-8 indexada,PNG-8 Indexat,PNG-8 索引,PNG-8 索引,PNG-8 インデックス,PNG-8 Indicizzato,PNG-8 Indiziert,PNG-8 Indexé,PNG-8 Indexado,PNG-8 Индексированный,PNG-8 Indexado,PNG-8 Indeksowany,PNG-8 İndeksli,PNG-8 Indexatua,PNG-8 Indexat,PNG-8 ดัชนี,MT: PNG-8 Indexed,1
zoomed,zoomed,zoomed,zoomed,zoomed,zoomed,zoomed,zoomed,zoomed,zoomed,zoomed,ampliado,увеличенный,ampliado,powiększony,yakınlaştırılmış,handitua,agrandit,ซูม,MT: zoomed,1
changePalette,Change Palette [P],Cambiar paleta [P],Cambiar paleta [P],Canviar paleta [P],更换调色板 [P],更換調色盤 [P],パレットを変更 [P],Cambia palette [P],Palette wechseln [P],Changer la palette [P],Alterar Paleta [P],Изменить палитру [P],Alterar Paleta [P],Zmień paletę [P],Paleti Değiştir [P],Aldatu Paleta [P],Cambiar Paleta [P],เปลี่ยนพาเลท [P],MT: Change Palette [P],1
